[{"model": "info.promo", "pk": 1, "fields": {"link": "http://ya-tube.ru", "bg_color": "#FFFFFF", "mobile_img": "info/emer710rusMobile.png", "desktop_img": "info/emer710rus.png", "mobile_img_en": "info/emer710engMobile.png", "desktop_img_en": "info/emer710eng.png"}}, {"model": "info.promo", "pk": 2, "fields": {"link": "https://news.ru", "bg_color": "#FFFFFF", "mobile_img": "info/BDAL_ru_450x350.png", "desktop_img": "info/BDAL_ru_1110x390.png", "mobile_img_en": "", "desktop_img_en": ""}}, {"model": "info.aboutemer", "pk": 1, "fields": {"title": "Безопасность", "title_en": "Security", "text": "Гибкость Emercoin никогда не идёт в ущерб безопасности. В отличие от «умных» контрактов, которые уже не раз привели к многомиллионным кражам и взломам, логика NVS-контрактов Emercoin не является Тьюринг-полной, и с её помощью нельзя написать вредоносный код.", "text_en": "Emercoin will never sacrifice security for flexibility. Unlike “smart” contracts, which have already caused multi-million scams and security compromising in the past, Emercoin’s NVS logic is not Turing-complete and cannot be used to write malicious code.", "image": "info/security_6EwOMA2.svg"}}, {"model": "info.aboutemer", "pk": 2, "fields": {"title": "Надёжность", "title_en": "Reliability", "text": "Хотя Emercoin поддерживает как традиционный PoW-майнинг, так и комайнинг с Bitcoin, основной механизм в нём — PoS-минтинг. Это исключает «гонку вооружений» за вычислительную мощность и гарантирует доход 6% годовых просто за владение монетами.", "text_en": "Although Emercoin supports traditional PoW mining and merged mining with Bitcoin, its main mechanism is Proof-of-Stake mining. This eliminates the “arm’s race” for mining capacity.", "image": "info/reliability_vw0MvDe.svg"}}, {"model": "info.aboutemer", "pk": 3, "fields": {"title": "Гибкость", "title_en": "Flexibility", "text": "В основе Emercoin лежит EmerNVS — хранилище пар «имя-значение». Эта простая, но мощная идея позволила хранить в блокчейне произвольные данные и построить целый ряд распределённых сервисов — от DNS до голосовой телефонии.", "text_en": "Emercoin’s Name-Value Storage is a simple yet powerful concept that allows you to store arbitrary data within the blockchain. This has already allowed a range of distributed services, from a decentralized network.", "image": "info/flexibility_mBqg1rW.svg"}}, {"model": "info.services", "pk": 1, "fields": {"title": "EmerDNS", "slug": "emerdns", "text": "<p>Боитесь, что ваш сайт могут заблокировать власти? Возможно, не зря, учитывая &laquo;закручивание гаек&raquo; по всему миру.</p>\r\n\r\n<p>Вам поможет EmerDNS. EmerDNS не грозит цензура, ведь это полностью децентрализованная система. Никто, кроме вас, не сможет изменить созданную вами DNS-запись.</p>\r\n\r\n<p>Сайты на EmerDNS легко резолвятся &mdash; через браузерные расширения, серверы OpenNIC или прокси-серверы.</p>", "text_en": "<p>Are you afraid your website could be suspended by authorities? With &ldquo;the screws tightening&rdquo; around the world, your fears might well be justified.</p>\r\n\r\n<p>EmerDNS is the way out. Completely decentralized, EmerDNS is safe from any kind of censorship. No other user can modify your record &mdash; only the record creator can manipulate its content.</p>\r\n\r\n<p>EmerDNS websites can be easily resolved with the help of several browser extensions, by using OpenNIC servers, or via proxies.</p>", "text_more": "<p>EmerDNS поддерживает полный набор DNS-записей. В рамках NVS система работает под абревиатурой &ldquo;dns&rdquo;.</p>\r\n\r\n<p>Благодаря безопасному блокчейну Emercoin, записи о доменных именах полностью децентрализованы и нецензурируемы. Никакой регулятор не сможет их изменить, отозвать или заблокировать. Только владелец записи &mdash; тот, у кого есть закрытый ключ от соответствующего платёжного адреса, &mdash; может совершать над ней действия. Работать над записями в NVS можно через GUI-кошелёк Emercoin или используя API-команды &ldquo;name_new/name_update&rdquo;.</p>\r\n\r\n<p>DNS-записи можно легко получить по API от любого Emercoin-кошелька через JSON-RPC, командную строку, или стандартный RFC1034-протокол, встроенный в каждый кошелёк.</p>", "text_more_en": "<p>EmerDNS is a decentralized domain name system supporting the full range of DNS records. EmerDNS operates under the &ldquo;dns&rdquo; service abbreviation in the Emercoin NVS.</p>\r\n\r\n<p>Thanks to Emercoin&#39;s secure and distributed blockchain, domain name records are completely decentralized and uncensorable. They cannot be altered, revoked, or suspended by any authority. Only the record owner, i.e. the one who controls the private key to the associated payment address, can modify or transfer it to another owner. These actions can be performed using the Emercoin NVS in the Emercoin wallet GUI, or via the name_new or name_update commands in the Emercoin API.</p>\r\n\r\n<p>DNS records can easily be retrieved from any Emercoin wallet via the Emercoin API using JSON-RPC or the command line, or via the standard RFC1034 DNS protocol built into every Emercoin wallet.</p>", "scenarios": "для защиты веб-сайтов от блокировки властями | для предотвращения изменения, отзыва или приостановки доменных имен | иметь доступ к нескольким доменным зонам вместо одной | арендовать DNS-запись с настраиваемым сроком аренды | легко удалять любые записи | использовать встроенный DNS-сервер rfc1035 | управлять несколькими поддоменами | дешевле, чем где-либо", "scenarios_en": "to protect websites from being blocked by any authorities | to prevent domain names from being altered, revoked, or suspended | to have access to multiple domain zones instead of one | to rent a DNS record with a customizable rental period | to easily delete any records | to use the built-in DNS-server rfc1035 | to manage a few subdomains", "image": "info/emerdns_big_L8QgPng.png", "icon": "info/emerdns_icon_PuHhjuQ.svg"}}, {"model": "info.services", "pk": 2, "fields": {"title": "EmerSSH", "slug": "emerssh", "text": "<p>Используете серверную PKI? Представьте, что случится, если вашему администратору захочется пошалить.</p>\r\n\r\n<p>С EmerSSH вы в безопасности.</p>\r\n\r\n<p>Благодаря децентрализации, никто не сможет получить ключ к вашему корневому сертификату и таким образом расшировать передаваемые данные.</p>\r\n\r\n<p>EmerSSH можно бесшовно связать с OpenSSH, получив гибкость в дополнение к безопасности.</p>", "text_en": "<p>Do you use a server-based PKI? Don&rsquo;t ask what happens if the server&rsquo;s administrator wants to act dirty.</p>\r\n\r\n<p>With EmerSSH, you&rsquo;re totally safe. Through its decentralized nature, EmerSSH makes it impossible for anyone to obtain root certificate keys and thus decrypt the data being transmitted.</p>\r\n\r\n<p>EmerSSH can be seamlessly bridged with OpenSSH, giving you flexibility in addition to security.</p>", "text_more": "<p>EmerSSH &mdash; система для управления инфраструктурой открытых ключей (PKI) и списками контроля доступа (ACL) на базе блокчейна Emercoin.</p>\r\n\r\n<p>Если EmerSSH связать с Open SSH, вы получите удобный, безопасный и гибкий способ SSH-подключения ко многим серверам. Для этого в OpenSSH надо указать ссылку на утилиту &ldquo;emcssh&rdquo;, которая будет &laquo;общаться&raquo; с блокчейном и получать SSH-креды в процессе аутентификации.</p>\r\n\r\n<p>Добавлять и изменять записи об открытых ключах в блокчейне можно через GUI или командную строку. Таким же образом можно управлять группами пользователей, которые могут в свою очередь ссылаться на другие группы или отдельных пользователей, организовывая рекурсивные деревья для аутентификации.</p>\r\n\r\n<p>В рамках NVS система работает под абревиатурой &ldquo;ssh&rdquo;.</p>", "text_more_en": "<p>EmerSSH is a system for managing Public Key Infrastructures (PKI) and Access Control Lists (ACL) using the Emercoin blockchain.</p>\r\n\r\n<p>EmerSSH can be bridged to OpenSSH, providing a comfortable, safe, and flexible way to log in to multiple servers via SSH. In this case,OpenSSH is configured to refer to the emcssh utility, which queries the Emercoin blockchain and retrieves SSH credentials during the authentication process.</p>\r\n\r\n<p>With EmerSSH, users can manage their own public keys by submitting and modifying records in the Emercoin blockchain via the GUI or command line. Similarly, admins can manage user groups for their services that may contain references to other groups as well as individual users &mdash; allowing for the creation of recursive authentication trees.</p>\r\n\r\n<p>EmerSSH operates under the &ldquo;ssh&rdquo; service abbreviation in the Emercoin NVS.</p>", "scenarios": "для децентрализации авторизации и, как следствие, повышенной безопасности | для легкого администрирования и использования | для автоматического обновления ключей и групп без помощи администратора | для удешевления поддержки инфраструктуры и ее администрирования | создает абсолютное доверие между распределенными участниками инфраструктуры", "scenarios_en": "for decentralization of authority and as a result increased security |\r\nfor easy administration and use |\r\nfor automatic updating of keys and groups without the help of the administrator |\r\nfor reduction in price for infrastructure support and its administration |\r\nto create absolute trust between distributed participants of infrastructure", "image": "info/emerssh_big_8gUJCHi.png", "icon": "info/emerssh_icon_zUeJOFO.svg"}}, {"model": "info.services", "pk": 3, "fields": {"title": "EmerSSL", "slug": "emerssl", "text": "<p>Если вы используете беспарольную аутентификацию на базе SSL-сертификатов, вы знаете, что это может обойтись в копеечку. Хуже того, если ваш сертификационный центр будет скомпрометирован, вам крышка. Но не с EmerSSL.</p>\r\n\r\n<p>Эта полностью децентрализованная инфраструктура SSL-сертификатов исключает возможность MITM-атаки. Стоить она будет НАМНОГО дешевле, чем использование централизованного ЦС.</p>\r\n\r\n<p>А использовать её &mdash; проще простого: один раз сгенерировал закрытый сертификат &mdash; и можешь годами безопасно заходить без пароля на поддерживаемые сайты.</p>", "text_en": "<p>If you are used to passwordless authentication via SSL certificates, you know how costly these are. Worst of all, if your certification authority is compromised, you&rsquo;re screwed.</p>\r\n\r\n<p>Now meet EmerSSL.</p>\r\n\r\n<p>A totally decentralized infrastructure of SSL certificates, it makes man-in-the-middle attacks impossible. And it&rsquo;s WAY cheaper than doing it with a central CA.</p>\r\n\r\n<p>And it&rsquo;s so easy to use: Generate your private certificate once, and enjoy passwordless &mdash; and secure &mdash; access to selected websites for years.</p>", "text_more": "<p>EmerSSL &mdash; система беспарольной аутентификации на сайтах, использующая блокчейн Emercoin в качестве децентрализованного хранилища хеш-сумм для клиентских SSL-сертификатов. Сертификаты можно создавать прямо на своём компьютере, без вовлечения какого-либо центра сертификации, и при необходимости легко заменять. Так что ни плановые обновления, ни срочные отзывы скомпрометированных сертификатов не вызовут проблем.</p>\r\n\r\n<p>EmerSSL полностью децентрализована &mdash; в отличие от систем типа Kerberos, OpenID, TeddyID и т. д., здесь нет никакого единого органа, который контролирует аутентификацию. Поэтому EmerSSL не подвержена системным перебоям &mdash; будь то из-за технических сбоев или хакерских атак. И ни один пользовательский аккаунт не может быть заблокирован произволом какой-либо &laquo;власти&raquo;.</p>\r\n\r\n<p>Помимо беспарольного входа, EmerSSL поддерживает автозаполнение форм на базе содержащихся в блокчейне данных. Для этого используется связанная технология EmerSSL InfoCard.</p>", "text_more_en": "<p>EmerSSL is a system for passwordless website authentication that uses the Emercoin blockchain as a decentralized and trusted store of hash sums for client SSL certificates. Certificates can be generated by users on their own computers, without any central authority, and quickly replaced as needed. This makes the system effective for both scheduled updates and rapid recalls of compromised certificates.</p>\r\n\r\n<p>EmerSSL enables the complete decentralization of the system. In other words, there is no single entity controlling the authentication, unlike systems such as Kerberos, OpenID, TeddyID, and the like. Thus, EmerSSL cannot suffer a system-wide service disruption whether due to technical failure or through a malicious attack on the servers. Neither can a user&rsquo;s account be globally suspended at the whim of a single authority.</p>\r\n\r\n<p>Associated with the EmerSSL technology is EmerSSL InfoCard &mdash; a &ldquo;business card&rdquo; system that complements EmerSSL&#39;s passwordless logins with website form autocompletion based on the data residing on the Emercoin blockchain.</p>", "scenarios": "для многократного использования одного клиентского SSL-сертификата для авторизации на любом сервере в системе EmerSSL без ущерба для безопасности | для начала безопасного сеанса SSL только после успешного процесса аутентификации сертификата | для автозаполнения новой формы учетной записи данными, записанными в блокчейн", "scenarios_en": "for repeated use of one client SSL certificate for authorization on any server in EmerSSL system without compromising security |\r\nfor the start of secure SSL session only after successful certificate authentication process |\r\nto autofill a new account form with data recorded in the blockchain", "image": "info/emerssl_big_oEqhHTX.png", "icon": "info/emerssl_icon_oQ3TaEQ.svg"}}, {"model": "info.content", "pk": 1, "fields": {"date": "2021-03-08", "link": "https://news.ru", "brif": "Едем дальше"}}, {"model": "info.content", "pk": 2, "fields": {"date": "2018-04-16", "link": "https://www.reuters.com/article/us-blockchain-coca-cola-labor/coca-cola-u-s-state-dept-to-use-blockchain-to-combat-forced-labor-idUSKCN1GS2PY", "brif": "Coca-Cola, U.S. State Dept to use blockchain to combat forced labor"}}, {"model": "info.content", "pk": 3, "fields": {"date": "2021-03-05", "link": "http://forbes.ge", "brif": "От Форбс"}}, {"model": "info.content", "pk": 4, "fields": {"date": "2021-03-12", "link": "http://forbes.ge", "brif": "Ещё от Форбс"}}, {"model": "info.content", "pk": 5, "fields": {"date": "2021-02-03", "link": "http://euronews.com", "brif": "От Евроньюс"}}, {"model": "info.media", "pk": 1, "fields": {"name": "Reuters", "logo": "info/Reuters_lit_logo.png", "logo_big": "info/Reuters_big_logo.png"}}, {"model": "info.media", "pk": 2, "fields": {"name": "Forbes", "logo": "info/Forbes_lit_logo.png", "logo_big": "info/Forbes_big_logo.png"}}, {"model": "info.media", "pk": 3, "fields": {"name": "Euronews", "logo": "info/Euronews_lit_logo.png", "logo_big": "info/Euronews_big_logo.png"}}, {"model": "info.mediacontent", "pk": 1, "fields": {"t_media": 1, "t_content": 2}}, {"model": "info.mediacontent", "pk": 2, "fields": {"t_media": 1, "t_content": 1}}, {"model": "info.mediacontent", "pk": 3, "fields": {"t_media": 2, "t_content": 3}}, {"model": "info.mediacontent", "pk": 4, "fields": {"t_media": 2, "t_content": 4}}, {"model": "info.mediacontent", "pk": 5, "fields": {"t_media": 3, "t_content": 5}}, {"model": "info.roadmap", "pk": 1, "fields": {"year": 2013, "text": "<p>Запущен 11 декабря&nbsp;2013 года, как форк Peercoin.</p>", "text_en": "<p>Launched in December 2013 as a fork of Peercoin.</p>"}}, {"model": "info.roadmap", "pk": 2, "fields": {"year": 2014, "text": "<p>Реализация обнаружения IP через STUN dyndns.org.</p>\r\n\r\n<p>Запуск Name-Value Storage &mdash; универсальной платформы для расширения блокчейн-сервисов.</p>\r\n\r\n<p>Запуск EmerDNS &mdash; децентрализованной, неизменной и надёжной системы доменных имён.</p>", "text_en": "<p>Added STUN IP discovery to remove usage centralized commercial service&nbsp;dyndns.org.</p>\r\n\r\n<p>Added Name-Values Storage - a universal trusted platform for external blockchain-based services.</p>\r\n\r\n<p>Implemented EmerDNS, a decentralized domain system that provides irrevocable domain names and robustness to the DNS infrastructure.</p>"}}, {"model": "info.roadmap", "pk": 3, "fields": {"year": 2015, "text": "<p>Создание и реализация блокчейн-сервисов в области безопасности.</p>\r\n\r\n<p>EmerSSH &mdash; децентрализованная инфраструктура открытых ключей и списки контроля доступа.</p>\r\n\r\n<p>EmerSSL &mdash; беспарольная аутентификация на сайтах.</p>\r\n\r\n<p>InfoCard &mdash; подсистема электронных визитных карточек в рамках EmerSSL.</p>\r\n\r\n<p>Начало работы над EmerDPO, EmerTTS и Magnet.</p>\r\n\r\n<p>Emercoin появляется на биржах Livecoin, Cryptopia и YoBit</p>\r\n\r\n<p>Emercoin входит в список двадцати самых популярных валют на Coinmarketcap</p>", "text_en": "<p>Invented and implemented blockchain-based security services.</p>\r\n\r\n<p>EmerSSH, Worldwide Public Key Infrastructure and Access Control List.</p>\r\n\r\n<p>EmerSSL, Passwordless identification and secure web-login.</p>\r\n\r\n<p>InfoCard, electronic business-card, works together with EmerSSL.</p>\r\n\r\n<p>Invented concepts of EmerDPO, EmerTTS, Magnet.</p>\r\n\r\n<p>Emercoin officially appears at Livecoin.com, Cryptopia and YoBit</p>\r\n\r\n<p>Emercoin is in the list of TOP20 cryptocurrencies on Coinmarketcap</p>"}}, {"model": "info.roadmap", "pk": 4, "fields": {"year": 2016, "text": "<p>Emercoin появляется на биржах BTC38 и xBTCe.</p>\r\n\r\n<p>Сотрудничество с Организацией Объединённых Наций.</p>\r\n\r\n<p>Партнёрство с Microsoft BaaS и появление приложения &ldquo;Blockchain Engine&rdquo; в каталоге MS Azure.</p>\r\n\r\n<p>Первое реальное использование EmerDPO фермой &laquo;Колионово&raquo;.</p>\r\n\r\n<p>Оптимизатор транзакций, защищающий блокчейн от &laquo;раздувания&raquo;.</p>\r\n\r\n<p>Распределённые и динамические контрольные точки.</p>", "text_en": "<p>Emercoin officially appears at BTC38 and хBTCe</p>\r\n\r\n<p>Cooperation work with the United Nations</p>\r\n\r\n<p>Established partnership with Microsoft BaaS program and released &ldquo;Blockchain Engine&rdquo; MS Azure application.</p>\r\n\r\n<p>First real usage of EmerDPO - Kolionovo farm shares.</p>\r\n\r\n<p>Transaction optimizer &mdash; preserves blockchain from unnecessary inflation.</p>\r\n\r\n<p>Distributed and dynamic checkpoints.</p>"}}, {"model": "info.roadmap", "pk": 5, "fields": {"year": 2017, "text": "<p>Emercoin включён в каталог сертифицированного ПО RedHat.</p>\r\n\r\n<p>Тройной майнинг: PoS + PoW + комайнинг.</p>\r\n\r\n<p>Улучшения в ядре, включая полную децентрализацию.</p>\r\n\r\n<p>Мгновенный обмен Emercoin на другие криптовалюты через API внешних обменников (ShapeShift, CoinReform и т. д.).</p>\r\n\r\n<p>Создание и запуск ENUMER &mdash; блокчейн-платформы голосовой связи.</p>\r\n\r\n<p>Запуск публичного тестового блокчейна с веб-обозревателем.</p>\r\n\r\n<p>UnaDesk пытается децентрализовать рынок недвижимости и коммунальных услуг с использованием блокчейна Emer</p>\r\n\r\n<p>Истории успеха: Deloitte, eZuce, РЖД, SipXcom, HashCoin, AbitSystems</p>\r\n\r\n<p>Emercoin появляется на биржах HitBTC, Indacoin, BITTREX и USDX</p>", "text_en": "<p>Emercoin included in RedHat catalog of certified programs.</p>\r\n\r\n<p>Three-in-one mining mechanism: POS + POW + MergedMining.</p>\r\n\r\n<p>Lot of core improvements, including full decentralization.</p>\r\n\r\n<p>On-the-fly exchange emercoin to other cryptos with external exchanges API (shapeshift, coinreform).</p>\r\n\r\n<p>Invented and implemented ENUMER, a blockchain-based telecommunications platform.</p>\r\n\r\n<p>Started public testnet with web-explorer.</p>\r\n\r\n<p>UnaDesk strives to decentralize the real estate and utilities markets and uses the Emer blockchain.</p>\r\n\r\n<p>Tech adoption cases with: Deloitte, eZuce, Russian Railroads, SipXcom, HashCoin, AbitSystems</p>\r\n\r\n<p>Emercoin officially appears at HitBTC, Indacoin, BITTREX, USDX</p>"}}, {"model": "info.roadmap", "pk": 6, "fields": {"year": 2018, "text": "<p>Выпущена версия&nbsp;0.7.0 кошелька с поддержкой Segwit и улучшенными ядром и DNS-подсистемой.</p>\r\n\r\n<p>Завершено внедрение ATOM &mdash; безопасного протокола для P2P-продажи NVS-записей (DNS, земельные сертификаты и т. д.).</p>\r\n\r\n<p>Запущен Randpay &mdash; второе поколение лотерейной агрегации платежей.</p>", "text_en": "<p>Released version 0.7.0 of the wallet with Segwit support and improved core and DNS subsystem.</p>\r\n\r\n<p>Completed implementation of ATOM, a secure protocol for P2P sale of NVS records (DNS, land certificates, etc.).</p>\r\n\r\n<p>Randpay, the second generation of lottery payment aggregation, launched.</p>"}}, {"model": "info.roadmap", "pk": 7, "fields": {"year": 2019, "text": "<p>Обновление кошелька до версии 0.7.9</p>\r\n\r\n<p>Блокчейн Эмеркоина используется в Финансовой Академии &ldquo;Актив&rdquo;</p>", "text_en": "<p>Updating the wallet to version 0.7.9</p>\r\n\r\n<p>Emercoin blockchain is used at the Aktiv Financial Academy</p>"}}, {"model": "info.roadmap", "pk": 8, "fields": {"year": 2020, "text": "<p>Релиз File Validator,&nbsp;cервиса&nbsp;доказательства валидности файлов на базе технологии блокчейн, с использованием Emercoin NVS.</p>\r\n\r\n<p>Emercoin доступен на Docker</p>", "text_en": "<p>Release of File Validator, a blockchain-based file validation service using Emercoin NVS.</p>\r\n\r\n<p>Emercoin is available on Docker</p>"}}, {"model": "info.roadmap", "pk": 9, "fields": {"year": 2021, "text": "<p>Будем кодить</p>\r\n\r\n<p>ревьювить</p>\r\n\r\n<p>рефакторить</p>", "text_en": "<p>We will code</p>\r\n\r\n<p>and review</p>\r\n\r\n<p>and refactor</p>"}}, {"model": "info.news", "pk": 1, "fields": {"title": "Дайджест-Март 2021", "title_en": null, "slug": "daidzhest-mart-2021", "date": "2021-03-24T12:01:06Z", "image": "670ce7133c778048e50b48217f04fbe5.jpg", "image_en": "", "text": "<p>Текст - такой текст</p>\r\n\r\n<p><img alt=\"\" src=\"/media/uploads/2021/03/25/yesno.jpg\" style=\"height:500px; width:500px\" /></p>", "text_en": null}}, {"model": "info.news", "pk": 2, "fields": {"title": "Что делать, если с кошельком Emercoin что-то пошло не так?", "title_en": "Here's what to do if something goes wrong with your Emercoin wallet", "slug": "chto-delat-esli-s-koshelkom-emercoin-chto-to-poshlo-ne-tak", "date": "2019-10-10T12:20:30Z", "image": "chto-delat.png", "image_en": "whats-wrong-wallet.jpg", "text": "<p>Редко, но такое бывает: Вы включили кошелек, а он не может завершить синхронизацию с сетью, не исчезает сообщение &ldquo;обратитесь к разработчику кошелька&rdquo;. Такая ситуация может возникнуть, если Вы очень долго не включали кошелек и пропустили важные обновления. Иногда это случается, если кошелек был некорректно закрыт (например, компьютер был внезапно обесточен).</p>\r\n\r\n<p>Обычно проблему можно решить, обновив кошелек до последней версии с официального сайта&nbsp;<a href=\"https://emercoin.com/ru\" rel=\"noopener\" target=\"_blank\">Emercoin</a>. Но если после обновления проблема не исчезла, то, возможно, Ваш кошелек находится в форке. Что же делать в таком случае?</p>\r\n\r\n<h2>Для начала - в основной ли мы сети?</h2>\r\n\r\n<p>Вам потребуется проверить, совпадают ли хэшсуммы последних блоков у Вас с таковыми у основной сети.</p>\r\n\r\n<p>Для этого нужно открыть в браузере страницу обозревателя блоков Emercoin&nbsp;(<a href=\"https://explorer.emercoin.com/\">https://explorer.emercoin.com</a>).</p>\r\n\r\n<p><img alt=\"\" src=\"/media/f8jQNdT6lGLUlfVXfuj2ZJsBHnft60D27HkYzciB.png\" style=\"height:637px; width:943px\" /></p>\r\n\r\n<p>Номер последнего блока находится слева вверху. Проверим, что предпоследний блок (в примере на картине - блок номер 364341) присутствует у Вас в блокчейне. Щелкнем мышкой по иконке этого блока в списке справа (вторая сверху строчка). На открывшейся странице мы можем посмотреть хеш этого блока:</p>\r\n\r\n<p><img alt=\"\" src=\"/media/AqiOdddcDu4M10FKnuF1sA24MWkluKykdw6lPEjS.png\" style=\"height:661px; width:1003px\" /></p>\r\n\r\n<p>Проверим теперь, что в нашей копии блокчейна этот блок тоже есть, и хеш его совпадает. Для этого откроем кошелек (ниже приведены картинки для компьютера с Windows. Внешний вид окон для других систем аналогичен.</p>\r\n\r\n<p>Открываем консоль в графическом клиенте Emercoin:</p>\r\n\r\n<p><img alt=\"\" src=\"/media/DtUIDdcytB40wCcxCvtiAI2JabJ0qPkfo0Tamk04.png\" style=\"height:150px; width:926px\" /></p>\r\n\r\n<p><img alt=\"\" src=\"/media/Zeb9BJhMviLg6BS5di7zqXqi93qCXmPRUZ6mwXD7.png\" style=\"height:454px; width:928px\" /></p>\r\n\r\n<p>В строке введем команду&nbsp;getblockhash&nbsp;с номеном нашего блока&nbsp;и нажмем Enter.</p>\r\n\r\n<p>Например, для блока 364341 (getblockhash 364341) это будет выглядеть так:</p>\r\n\r\n<p><img alt=\"\" src=\"/media/eBYhglCImnSIbvBfQfN3P4VjV2KGKgkZbOukt2vb.png\" style=\"height:371px; width:842px\" /></p>\r\n\r\n<p>Если выполнение команды прошло успешно, и напечатанный хеш совпадает с тем, что мы видим на странице обозревателя, то всё в порядке и ничего делать не требуется.&nbsp;Если же такой блок не находится, или хеш отличается - нам потребуется переиндексировать блокчейн и перейти в основную сеть.</p>\r\n\r\n<p>Следуйте инструкции ниже для выполнения этих действий.</p>\r\n\r\n<h2>Если мы действительно оказались в форке - перейдем в основную сеть. Ниже приведены инструкции для разных ОС:</h2>\r\n\r\n<h3>Для Windows:</h3>\r\n\r\n<p><strong>Переиндексация базы данных блокчейна в кошельке Emercoin</strong></p>\r\n\r\n<p>Самый простой способ проверить и упорядочить базу данных блокчейна после сбоя - переиндексация. Для этого надо записать в файл emercoin.conf строчку&nbsp;reindex = 1&nbsp;.&nbsp;Чтобы это сделать, необходимо зайти в меню кошелька &ldquo;Помощь - Окно отладки&rdquo; на вкладке &ldquo;Информация&rdquo;. Там будет указан путь (Datadir), где лежит файл emercoin.conf:</p>\r\n\r\n<p><img alt=\"\" src=\"/media/WOEMfJOy0dat3EoUEOowbV7DfmORnV9IBRMgJ7jW.png\" style=\"height:376px; width:928px\" /></p>\r\n\r\n<p>Копируем путь в Проводник и переходим туда:</p>\r\n\r\n<p><img alt=\"\" src=\"/media/EaV70hWBtL59tN8BTWpHuHYKDttc0LppiMsXN5aa.png\" style=\"height:434px; width:936px\" /></p>\r\n\r\n<p>Открываем emercoin.conf в текстовом редакторе (например, Notepad), записываем строку&nbsp;reindex = 1&nbsp;:</p>\r\n\r\n<p><img alt=\"\" src=\"/media/7BgaOSvnmnq6NC2Lpd769bed8LVwZpXfp0xkJAvA.png\" style=\"height:189px; width:721px\" /></p>\r\n\r\n<p>Сохраняем и закрываем конфиг. Запускаем клиент Emercoin.</p>\r\n\r\n<p>После запуска снова открываем emercoin.conf и удаляем эту строку (если не удалить, реиндексация будет происходить каждый запуск).</p>\r\n\r\n<p>Реиндекс завершится примерно через 2 часа.&nbsp;</p>\r\n\r\n<p>Затем следует повторить проверку и убедиться, что хэшсуммы блоков совпадают.</p>\r\n\r\n<p>&nbsp;</p>\r\n\r\n<h3><strong>Для Mac (в версии Emercoin для Mac есть отличия от Windows):</strong></h3>\r\n\r\n<p>Вот мы висим в форке:</p>\r\n\r\n<p><img alt=\"\" src=\"/media/7b8Klo5SjLGm1gYBPOg1lL1L4Ob9IC655nxdyxo2.png\" /></p>\r\n\r\n<p>Заходим в Окно отладки:</p>\r\n\r\n<p><img alt=\"\" src=\"/media/ErGHDHoaOp81doedMFSeKf4g0rdVJVLNSKu7pgek.png\" /></p>\r\n\r\n<p>На вкладке Информация, находим путь, где находится emercoin.conf :</p>\r\n\r\n<p><img alt=\"\" src=\"/media/wk4Sd12wa3eLcpMoavC1SjkZKfE0B31hewMEk3Xc.png\" /></p>\r\n\r\n<p>Открываем Проводник:</p>\r\n\r\n<p><img alt=\"\" src=\"/media/lCFppXMyVsnBhdZgyv3gYes6KKZrCvKTo08XMSUy.png\" /></p>\r\n\r\n<p>Вводим скопированный ранее путь:</p>\r\n\r\n<p><img alt=\"\" src=\"/media/9BFqtGrqxxfl7SpSTfZdm0729ylKcvny6l5OYRrd.png\" style=\"height:733px; width:1017px\" /></p>\r\n\r\n<p>Открываем папку. Открываем emercoin.conf в текстовом редакторе. Если ни один текстовый редактор не сопоставлен для файлов с таким расширением, делаем это вручную:</p>\r\n\r\n<p><img alt=\"\" src=\"/media/VorcTMHPJ6t2sTj8nDi0InKw6zZsezMSfjoYsZzR.png\" /></p>\r\n\r\n<p><img alt=\"\" src=\"/media/0WDiP7Njm29BLrJRx7JY8TgJoG5P9kJ4EJfNOGyE.png\" /></p>\r\n\r\n<p><img alt=\"\" src=\"/media/riwXobFreIUnR12bQXq8S0kl7RdIujbjfiGHlq42.png\" /></p>\r\n\r\n<p>Запишем строку&nbsp;reindex = 1, сохраняем документ и запускаем кошелек Emercoin:</p>\r\n\r\n<p><img alt=\"\" src=\"/media/Cw7YZKP3QJw67siBMNP3fIYf9cTf1DfifoJ1aLWO.png\" style=\"height:715px; width:1011px\" /></p>\r\n\r\n<p>Реиндекс завершится примерно через 2 часа.&nbsp;</p>\r\n\r\n<p><img alt=\"\" src=\"/media/Kf4iYBA3WqzdaIiZIDzJyVCn7EDasAu9qj8w943M.png\" /></p>\r\n\r\n<p>После запуска снова открываем emercoin.conf и удаляем эту строку (если не удалить, реиндексация будет происходить каждый запуск).&nbsp;Затем следует повторить проверку и убедиться, что хэшсуммы блоков совпадают.</p>\r\n\r\n<p>Этих мер должно быть достаточно, чтобы выбраться из форка. В следующих версиях кошелька мы значительно упростим эти процедуры, вы сможете реанимировать свой кошелек из его интерфейса.</p>\r\n\r\n<p>Подписывайтесь на наши каналы, задавайте вопросы и оставайтесь с нами!</p>", "text_en": "<p>In very rare cases, when you turn on your wallet, it might not be able to sync with the network and keeps showing a &ldquo;please contact the developer&rdquo; message. This can happen if you have not turned on your wallet for a very long time and missed some important updates. Or maybe the wallet wasn&#39;t closed properly, e.g. if the computer was suddenly switched off.</p>\r\n\r\n<p>Usually, you can solve the issue by upgrading the wallet to the latest version from the&nbsp;<a href=\"https://emercoin.com/en\" rel=\"noopener\" target=\"_blank\">official Emercoin website</a>. But if an update does not help, your wallet may have been forked. What do we do then?</p>\r\n\r\n<h2>First, are we on the main chain?</h2>\r\n\r\n<p>You&rsquo;ll need to check if the hash sums of your most recent blocks match those on the main chain.</p>\r\n\r\n<p>To do this, open the&nbsp;<a href=\"https://explorer.emercoin.com/\"><u>Emercoin Block Explorer</u></a>&nbsp;in your browser:</p>\r\n\r\n<p><img alt=\"\" src=\"/media/Y66QprccLdb8aENEAtYObscYDZmniq2SiUgxnLqh.png\" style=\"height:637px; width:943px\" /></p>\r\n\r\n<p>The number of the last block is at the top left. Let&#39;s check that your blockchain contains the second-to-last mainchain block (block #364341 in the example). Click on this block&rsquo;s icon in the list on the right (the second line at the top). On the page that opens, we can see this block&rsquo;s hash:</p>\r\n\r\n<p><img alt=\"\" src=\"/media/AQbtm3nCt99N818VLCJUskFA0nAd2dNMQnUFue05.png\" style=\"height:661px; width:1003px\" /></p>\r\n\r\n<p>Now let&#39;s make sure our blockchain copy also contains this block, with the same hash. To do this, open the wallet (screenshots below are for computers with Windows &mdash; other systems have similar windows).</p>\r\n\r\n<p>Open the console in the Emercoin GUI:</p>\r\n\r\n<p><img alt=\"\" src=\"/media/7TctZkZjHXQGYBSPyrd19YYyeOZlUnPbfjS8yyVQ.png\" style=\"height:150px; width:926px\" /></p>\r\n\r\n<p><img alt=\"\" src=\"/media/UYhqCYUnXJyKkTe7FscbqeBowehtkJ5DoW9gv8Wy.png\" style=\"height:454px; width:928px\" /></p>\r\n\r\n<p>Enter the getblockhash&nbsp;command with our block number&nbsp;and press Enter.</p>\r\n\r\n<p>For example, for block 364341 (getblockhash 364341) it will look like this:</p>\r\n\r\n<p><img alt=\"\" src=\"/media/FSqlqdwRKxqlcLCUmblowWXehSXbN1auCPjyF2b6.png\" style=\"height:371px; width:842px\" /></p>\r\n\r\n<p>If the command is successful and the printed hash matches what we see on the browser page, everything is fine and no further action is required.</p>\r\n\r\n<p>If there is no such block, or the hash is different, we&rsquo;ll have to re-index the blockchain and switch over to the main chain.</p>\r\n\r\n<p>To do this, follow the steps below.</p>\r\n\r\n<p>&nbsp;</p>\r\n\r\n<h2>If we&#39;re really in a fork, we&#39;ll need to get to the main chain. Below are the steps for different operating systems:</h2>\r\n\r\n<p>&nbsp;</p>\r\n\r\n<h3>For Windows:</h3>\r\n\r\n<p><strong>Re-indexing the blockchain database in the Emercoin wallet</strong></p>\r\n\r\n<p>The easiest way to test and arrange the blockchain database after a crash is by re-indexing it. To do this, we need to add the following line to the emercoin.conf file: reindex = 1.&nbsp;In the wallet menu, go to Help &gt; Debug window &gt; Information tab. There you will see the path (Datadir) to the emercoin.conf file:&nbsp;</p>\r\n\r\n<p><img alt=\"\" src=\"/media/7mO7smrri56oPu0P3eL6HcJIkC45MY9qrRkRrDCt.png\" style=\"height:376px; width:928px\" /></p>\r\n\r\n<p>Copy the path and open it in Explorer:</p>\r\n\r\n<p><img alt=\"\" src=\"/media/c1MUxzrrQDTdLk9J3JhBlKTmxP2tRZWq91cEAqyi.png\" style=\"height:434px; width:936px\" /></p>\r\n\r\n<p>Open emercoin.conf in a text editor (e.g. Notepad), and add a line, reindex = 1:</p>\r\n\r\n<p><img alt=\"\" src=\"/media/d0wylUB1kKXYLP19Fm6SN5CPqQchln4d6oKspfV1.png\" style=\"height:189px; width:721px\" /></p>\r\n\r\n<p>Save and close the config. Start the Emercoin client.</p>\r\n\r\n<p>After the client starts, open emercoin.conf again and delete this line (to avoid re-indexing at every startup).</p>\r\n\r\n<p>Re-indexing should take around two hours.</p>\r\n\r\n<p>Once finished, repeat the check to make sure that the blocks&rsquo; hash sums match.</p>\r\n\r\n<p>&nbsp;</p>\r\n\r\n<h3>For Mac:</h3>\r\n\r\n<p>Here&#39;s what being in a fork looks like:</p>\r\n\r\n<p><img alt=\"\" src=\"/media/CmBdz5f2rgHvz3QxgF8PB1t7gST6TxZ3jgYVN94E.png\" /></p>\r\n\r\n<p>Open the debug window:</p>\r\n\r\n<p><img alt=\"\" src=\"/media/cGWRaqYk4u9QMKapD8CQyzUNXTJmQhvONmAXc1pr.png\" /></p>\r\n\r\n<p>On the Information tab, find the path to emercoin.conf:</p>\r\n\r\n<p><img alt=\"\" src=\"/media/fxKrWwxXZipORL5SccUW4jVAeITnMam6Hl3XDGRp.png\" style=\"height:705px; width:1014px\" /></p>\r\n\r\n<p>Open Finder:</p>\r\n\r\n<p><img alt=\"\" src=\"/media/LDG0FxccxoixUWLXpHXZH33hFrqBMKi2WbYgbsuu.png\" style=\"height:706px; width:1019px\" /></p>\r\n\r\n<p>Enter the previously copied path:</p>\r\n\r\n<p><img alt=\"\" src=\"/media/9PZ1D2IxqhGO41Iq2w62boQfHPr6uLKklCv6ln8x.png\" /></p>\r\n\r\n<p>Open the folder. Open emercoin.conf in a text editor. If no text editor is associated with this extension, do it manually:</p>\r\n\r\n<p><img alt=\"\" src=\"/media/lVokTVfQMPaVShJmyV05BqldXesnqM5CczaztWgn.png\" /></p>\r\n\r\n<p><img alt=\"\" src=\"/media/hWSHaspeHpQZHE6H0IxfMX3RLweeRtNZXBFbN8bE.png\" /></p>\r\n\r\n<p><img alt=\"\" src=\"/media/WSOOLaBZypNkGZvK6Rwucbj8dsMHB3rQWWg1Rn3v.png\" style=\"height:724px; width:1007px\" /></p>\r\n\r\n<p>Add reindex = 1, save the document, and start the Emercoin wallet:</p>\r\n\r\n<p><img alt=\"\" src=\"/media/63K91KAzlBu0hy5APvo9Rrxcwz5JFVaqXmOHB12S.png\" style=\"height:715px; width:1011px\" /></p>\r\n\r\n<p>Re-indexing should take around two hours.</p>\r\n\r\n<p><img alt=\"\" src=\"/media/DhcwerTBKhEXYvztw2DbvoPcOCg03rdWnemmQBQe.png\" style=\"height:728px; width:969px\" /></p>\r\n\r\n<p>After the client starts, open emercoin.conf again and delete this line (to avoid re-indexing at every startup).</p>\r\n\r\n<p>Once finished, repeat the check to make sure that the blocks&rsquo; hash sums match.</p>\r\n\r\n<p>These measures should be enough to get out of the fork. In future wallet versions we will make these procedures much simpler so that you can recover your wallet from the UI.</p>\r\n\r\n<p>Subscribe to our channels, ask us any questions, and stay tuned!</p>"}}, {"model": "info.news", "pk": 3, "fields": {"title": "На биржу LiveCoin.net можно зайти используя блокчейн-сертификат EmerSSL", "title_en": null, "slug": "logging-on-to-livecoinnet-with-emerssl", "date": "2019-09-16T12:22:59Z", "image": "ssl-sert-livecoin.jpg", "image_en": "", "text": "<p>Важное&nbsp;<a href=\"https://www.livecoin.net/ru/news/view/326\">событие</a>!&nbsp;&nbsp;Livecoin стала первой биржей применяющей блокчейн приложение&nbsp;<a href=\"https://emercoin.com/ru/emerssl\">EmerSSL</a>&nbsp;для доступа пользователей к аккаунту. Пользователи могут установить личный сертификат и настроить вход на биржу самостоятельно. Этот вариант не отменяет двухфакторный способ авторизации (Google Authenticator), но является более безопасной и удобной альтернативой системе входа по паролю (<a href=\"https://habr.com/ru/post/257605/\">Хабр</a>).</p>\r\n\r\n<p><strong>Зачем это нужно?</strong></p>\r\n\r\n<p>Вход только по паролю давно признан устаревшим и небезопасным способом. Сам метод имеет фундаментальные недостатки: пароли уязвимы к подбору, перехвату клавиатурными шпионами, видеокамерами, поддельными сайтами, методами социальной инженерии, а также перехватом через публичные точки доступа. Ситуация также осложнена тем, что большинство пользователей склонны использовать несложный пароль на многих сайтах.&nbsp;В общем, нет покоя пользователям пароля.</p>\r\n\r\n<p>Блокчейн сертификат EmerSSL, который нужно установить однократно, позволяет решить вышеуказанные проблемы. Этот способ устанавливает защищенное соединение с биржей напрямую, что делает бессмысленными атаки &ldquo;посредника&rdquo;, а также с помощью фишинговых сайтов. При этом вход на биржу по паролю, остается резервным.</p>\r\n\r\n<p><strong>Что нужно делать?</strong></p>\r\n\r\n<p>Перед тем как создать сертификат EmerSSL, вам потребуется:</p>\r\n\r\n<ul>\r\n\t<li><a href=\"https://emercoin.com/ru/for-coinholders#download\">кошелек Эмеркоин</a>, установленный, синхронизированный (потребуется от 1-1.5 часов при установке в первый раз)</li>\r\n\t<li>Небольше число монет EMC (их можно&nbsp;<a href=\"https://www.livecoin.net/ru/trading/EMC_USD\">приобрести на бирже</a>&nbsp;Livecoin.net)</li>\r\n\t<li>Для Windows пользователей, программа OpenSSL.exe (для генерации сертификатов, скачать&nbsp;<a href=\"https://wiki.openssl.org/index.php/Binaries\">тут</a>&nbsp;или&nbsp;<a href=\"https://indy.fulgan.com/SSL/\">тут</a>)</li>\r\n\t<li>существующий аккаунт на бирже Livecoin</li>\r\n</ul>\r\n\r\n<p>Видео-инструкция: Как установить сертификат EmerSSL для входа на биржу Livecoin</p>\r\n\r\n<p><iframe align=\"middle\" frameborder=\"0\" height=\"300\" scrolling=\"no\" src=\"https://www.youtube.com/watch?v=mF5jzSXb1dc\" width=\"600\"></iframe></p>", "text_en": null}}, {"model": "info.news", "pk": 4, "fields": {"title": "рдрВреенрАВредВдрдАннеА", "title_en": null, "slug": "rdrvreenravredvdrdannea", "date": "2021-03-31T12:53:47.598Z", "image": "670ce7133c778048e50b48217f04fbe5.jpg", "image_en": "", "text": "снВБВВккВВВкжГнеджккГнБкИснсзджиББГнкВскжссАеВнВГжзВдекрзкАВБдВсзсрАккБГнрдднрдзикдГВррБзнжджБВнИкнрГИскдкВАнАББесГдисдздГкжсрВдекГГкБккАрВскИГИзжзрнжжВежИкИсИнеИБнниБГжБВкБкнинрГжГГрАБкдкГдБААддзеедкжркАрАндксАикВБрБззБскиАВВзИжИдндВсАВИиеГнГкеидждсрднждВиВкесдз", "text_en": null}}, {"model": "info.news", "pk": 5, "fields": {"title": "рнедееАднАнрАд", "title_en": null, "slug": "rnedeeadnanrad", "date": "2021-03-31T12:53:47.612Z", "image": "670ce7133c778048e50b48217f04fbe5.jpg", "image_en": "", "text": "ГикснББИиксиАдекрздесБекздВижскджАккнИИсГрзВГсжжББИГдкБзрнИрБАИГАрсАБАВИизеАГсрААГсГГеВжзсенрИжВИкзААиесВГГнББГерБкссБАжБн", "text_en": null}}, {"model": "info.news", "pk": 6, "fields": {"title": "АенекдВенВнкесеедкВеАсАсеВдкс", "title_en": null, "slug": "aenekdvenvnkeseedkveasasevdks", "date": "2021-03-31T12:53:47.621Z", "image": "chto-delat.png", "image_en": "", "text": "здГдждАВджикВееБнжиксксГдсБкккГзрГидзидрГИкизГБГнжАикАдеАежГБкеАкзрВИГжинжзрсеГдГрнежнГнВднзсздАнкдБеГдрекккжнзБВдВжБеБкдкдкБдБркдГниждсждсАрждГиддБББВдисдззкБд", "text_en": null}}, {"model": "info.news", "pk": 7, "fields": {"title": "еВдАнрнедАнскеВАе", "title_en": null, "slug": "evdanrnedanskevae", "date": "2021-03-31T12:53:47.630Z", "image": "chto-delat.png", "image_en": "", "text": "АБсИГсзИезсзрсИАсзксннееддиеВВАкжздИднсБдГзжАИАиГреБкддсззАдкГисГкрреВГГзВВГкИГБАкБкБГккндзкдБжеддидВАкГиБкдИГВнВидИАеиАижВВззкриекГнеБкВББВскВкдксАежАсВедкеБАккИзеВеееБжВБАкВИАд", "text_en": null}}, {"model": "info.news", "pk": 8, "fields": {"title": "нкесеВсВАркеВкреАрндскнеА", "title_en": null, "slug": "nkesevsvarkevkrearndsknea", "date": "2021-03-31T13:07:03.130Z", "image": "chto-delat.png", "image_en": "", "text": "БккждссириГсдкскнБсжнВддИдсдееждннкнсиржкркирИсиркрИрдИВеснзГеккиижзГкеизГкИВВрикИиВАеедсГзИиГВВнсдрнзкАдкдИБдзБсВккккрАИИжрсВндиксеБкрдиВдржзриАГдниздннзБжГГБеикисеАжБГккдИВБнВВккГриГИеезкдиБзкИзидкджжГжрГАВсрИзВккдАккижБскезАзздБААддднднкАрксрВжисзВиннкБГднзнБзкежжАзАикдскнБВжВеАкАжАГАдБдИддкдГксГнжежндедИБзВжрИедИсеГнесГзрннИГГкесдИж", "text_en": null}}, {"model": "info.news", "pk": 9, "fields": {"title": "нднВВВкАекккВАнВАнВкАддАдсскснк", "title_en": null, "slug": "ndnvvvkaekkkvanvanvkaddadssksnk", "date": "2021-03-31T13:07:03.140Z", "image": "670ce7133c778048e50b48217f04fbe5.jpg", "image_en": "", "text": "дрикАсАГдИрдсГБздрсБнБкжирАзкБиднАБсркрисннкБрАзВБГИГзИесзкВенкжекБдреБикдВнВБдсИсИкндндАдГИИГАБдИиАБзнВкИежддржинГрИБизжБГждкВрздждкИждидБнндсБкБВИжИсднзиАБеБзБежАГВзнББкБАБииАдВиВсИАсеВнИГжзисИдВидБжзердВдиГрБекржднкдБдесБжредБсАрГкеВнеИБАдркБдрГрББГкдАдрБирГГдзсВздджрзидже", "text_en": null}}, {"model": "info.news", "pk": 58, "fields": {"title": null, "title_en": "Flexibility", "slug": "flexibility", "date": "2021-03-31T13:10:32Z", "image": "", "image_en": "YesNo.jpg", "text": "", "text_en": "<p>1111111111111111111111111111111</p>"}}, {"model": "info.news", "pk": 59, "fields": {"title": "нерссернкдррднАсрАее", "title_en": null, "slug": "nerssernkdrrdnasraee", "date": "2021-03-31T13:33:39.062Z", "image": "670ce7133c778048e50b48217f04fbe5.jpg", "image_en": "", "text": "сндриГАкИВГБизБдиГкждижденАВИжеАБИжккжржсрзИжжсндзксжжАжкГББкнВрГАниБкИеБзГИАрГинндеАксккрАрдкИИВнкИАкесБердВкВдккВрБкдАкижВизГкВидАнИсИзБГнАнкжГАкжнкАкднБнкнжжГкдАзрзБдГдАиИенеерекБикждИздАВВБжБкедИкГнИджеГАисзБкиеБдВГзжААисГкБк", "text_en": null}}, {"model": "info.news", "pk": 60, "fields": {"title": null, "title_en": "wSRzoSgzqnqRqFoggzonnFFwSg", "slug": "wsrzosgzqnqrqfoggzonnffwsg", "date": "2021-03-31T13:33:39.073Z", "image": "", "image_en": "ssl-sert-livecoin.jpg", "text": "", "text_en": "nzXoXRnShngRRngyGGyngSFeqFwgVXhngqunghoRSwyRGnXSzwyqSogRRFqyXSwSzlhelywleVeolgeluFyyuVXeVRgzweyRSXhwezlVGhgwgGelwVqhqSzzSohSXSlVlyoqlXGqoGlluyyzXGuGXzwGSlRzeeqlwFhhgyozGyhVlgFSoqGhhqozRlqoyRuVuuGnwXqRwugzuqwVeeughqGwVeSVwhRwlFVgunqnFXVogVXXGwlnRXeFXguogFehuglgRwuzyXnueeoyXhnXSwznhVuFlyRyFqgFRqzwqzSwSFzlyuSholhSwnoluGgSRqugRwwyuRSSVhRneuSVoynyougneoFGywGhuXogXwXqqhFzhwFVyGuRVVluhngXzwuVXXnwuzRyzqGoFogoeyzGzqlFSGgzV"}}, {"model": "info.news", "pk": 61, "fields": {"title": "ееееВрААккВнднкдВВрВек", "title_en": null, "slug": "eeeevraakkvndnkdvvrvek", "date": "2021-03-31T13:33:39.079Z", "image": "ssl-sert-livecoin.jpg", "image_en": "", "text": "ддзсежсБГжГдзГжржсжГеБдсинИеркеккБГекГИзВздБкдААжрнннддзжржГизИдиискдеджкеИсдрддИзГИкззнИВзжИнВАезкААдеГкГркИсИВрБрВиБрссВзееГИжрскдииБкреднкккизеГднжд", "text_en": null}}, {"model": "info.news", "pk": 62, "fields": {"title": null, "title_en": "FqSSzFnFoogRqhSzqon", "slug": "fqsszfnfoogrqhszqon", "date": "2021-03-31T13:33:39.087Z", "image": "", "image_en": "670ce7133c778048e50b48217f04fbe5.jpg", "text": "", "text_en": "eRqgeSzFlyzShSSwhGSyRoVoSnXyRooReVSeoneFzFFXywogGqhnGVRnFySuGSGzznXGVhRuuXVFoVozoVglwynueGohehleyqlhzwRSzwqwVGyeqqGnFRenSnGVoRVSgoGwnenlqGeVReolyFFhSeXzVuwXlFhegSnqozXwRlXwVuhywFGnuSwuoXRhSSqSGhGzgSRGVSGlyznyhwuVRhzgGSuRhXGwVzwXGqlhGSywuGGlwFFRFGeqVluzgeFluugGuSlVyXwznShnRqlySeXewllRXoGFFqXhVyeFSGezVlgGwlgoXRVwoSezGFzhnRlugGXGFSeFFwwgRSqlyGqlSuRGgFlzXgwGGRqgqFolouGeRqwoSqnGVqhShggFVyXlRywqwyuFRlygqnXouznqG"}}, {"model": "info.news", "pk": 63, "fields": {"title": null, "title_en": "nnnnnnRqSRzzgSSh", "slug": "nnnnnnrqsrzzgssh", "date": "2021-03-31T13:33:39.094Z", "image": "", "image_en": "670ce7133c778048e50b48217f04fbe5.jpg", "text": "", "text_en": "XXGogShXXuXlqlRgwueqRShlgneVzguyqGzzXgVlFyFXqeGFFoeeXXqwzVFzwnVXhnVluqFnewzSeqqRhoRqGqehVuhoolGhXGqRlFllFwGnenGGoleVhRGXVhegXXFGFnzoewezlGwXeohXoogGeqXqnGneyGlXwnGogqReeyRuXGoRReyVSnFFuhwGoVynFzuygRwqhuVlehnqzzVyoSohlgRgzhzqGVlyhzXqReXqRlqeSgnSuoGGgzuzRlRFqhwwelSnFSqSelzyVuwFwXGVhRSoGhlenwFuVFGzGGggRVSSFRzSyznRwFeRwzwqegXlqweGRuVqghqFylFSVhXSzwoluFeyzqye"}}, {"model": "info.news", "pk": 64, "fields": {"title": null, "title_en": "RRogShRFwhgnRnwogznozSoSqRn", "slug": "rrogshrfwhgnrnwogznozsosqrn", "date": "2021-03-31T13:33:39.106Z", "image": "", "image_en": "ssl-sert-livecoin.jpg", "text": "", "text_en": "XVXXFeXVwuhXFnSzllXRSzVGelhGGqGyoqlzXowunhqwngGoqlqXzzqVgRyegwSloFReGSwlVGweheFoVnzReFhhunXguhqwqGwVRuXFFyGFzlVGFonSRFFggzGVeRhoqoXyngzwhVVzgzuygoqRXwRgzySeolyVGzoqeVeuzSVwhSuyXuuzhoFSleSVSRySXXzhzyoGVVGeSGRRSFeGzhwohuouFnogGFllFSVwwXzXlVeozXuhuwlyeGeeleuuqSFRRlXgghnnFoyhqVGuwqyuoueXXRznlwVgSwVXeohShgqRRnVReSRGqlyFVgllVglRzXRwRlRenzzqgllhgGguXnugVlwlngFyVwlRegyynqhXzVSeogzSwFwogzzSuzhuSoFwXGXnoSSygGgRq"}}, {"model": "info.news", "pk": 65, "fields": {"title": "ААнснВВнесе", "title_en": null, "slug": "aansnvvnese", "date": "2021-03-31T13:33:39.113Z", "image": "670ce7133c778048e50b48217f04fbe5.jpg", "image_en": "", "text": "нсБиВБИксАкддркекИсБндкднГдкГАдкрГГкБИрАкзГркддБкБрнзИижижГдБкжеркезАззИсзИАрАкИжкИИИсВзкржАксБкирдниВиБжкБсИзккнГдеИАиикжВиВдриекжИдВеезеВкАжизнжззрдВкридддккАнжежкГИБздАИИдБдГрдсАБАкрИдрИдикВзиднжИсИкснАндекГиИИнсидсзиздждИВдАксзрВВниркИИГсрГнсденГкрАзГкВИАкИд", "text_en": null}}, {"model": "info.news", "pk": 66, "fields": {"title": null, "title_en": "wqhFwSnhow", "slug": "wqhfwsnhow", "date": "2021-03-31T13:33:39.118Z", "image": "", "image_en": "ssl-sert-livecoin.jpg", "text": "", "text_en": "FRewqFlSnoRyzRwgwyhXzwXyGRyyeqXnGVuhwhozeGzSoXSXnGzewwguqRXoGzyhFwSzXlhoXSRGXyRXuGeFFwqyGgquFqRRzRVhegyeVlGunnqhwhRVGRVhwllwXeqgunFReXu"}}, {"model": "info.news", "pk": 67, "fields": {"title": "еАрдссекАсрнеАскннВАд", "title_en": null, "slug": "eardssekasrneasknnvad", "date": "2021-03-31T13:33:39.130Z", "image": "ssl-sert-livecoin.jpg", "image_en": "", "text": "еАкирБжкикидзАБккзБАИкИкБкГкВВсВддАкВВрдкддГкиесззсВсАкккдкирзкдБАБсежкИздккдкзИинеААБкИВиВкААдесрИсдАнБриИезркВрГсикжзВеГжГкИкрАснАдВАБскздГсИкдАкВБеддИкнБкВесиксГжИжБнрндИзиВВИнкжзкВдИнрдзсАБрдижсерИеБккзкдрикВжирижГкдБАдрднердГдАнсекжидАнжнИГсеБжжснБнсеесжнккАкжеВдизАжжнирАГГАеГиидсрдИдкждАдИеИккВнкрИснАсиИеГАсиисжнджидззБВИрнркБИннзнАдААки", "text_en": null}}, {"model": "info.news", "pk": 68, "fields": {"title": "екеАднААВскснрАнАснднреАрннАВАВ", "title_en": null, "slug": "ekeadnaavsksnranasndnrearnnavav", "date": "2021-03-31T13:33:39.138Z", "image": "ssl-sert-livecoin.jpg", "image_en": "", "text": "еиГнзГиссдижИкждкВИдВсдезсБзжркдБиГркБрВиАрдкиАддкиеГВеАридВжеГжрГсжддинИеджАдИдржнГдкнддАВдззднкБГдрБддиБВзиззекБккдГзеААеиздИскВВенАкдГВркезИреинжжАркИккздеВрррИАиедкдАкАжИИрсскВжГкВкБизБзизкГГкрИАкВднВжзеГкнВккГзррзАдднжиГдкБрАннИнскндИдеИкжеиГкВзежАИжАВкдскекдкБзкрАздзеИсдрдкдБкБдссрнИкжжедБжВнджБкВнГГрдИнкААккАссААджГГИждкВзИИнжсинзидкИИАкнкдГнсрдккА", "text_en": null}}, {"model": "info.news", "pk": 69, "fields": {"title": "кекнрндедАссВсАВАдннкре", "title_en": null, "slug": "keknrndedassvsavadnnkre", "date": "2021-03-31T13:33:39.152Z", "image": "chto-delat.png", "image_en": "", "text": "кИБВддкВБкжкиИзесзИдкжАсдсБзрсрГГИеддииБВсАрГВсдВзжндкАзнееББссдждинжкздрБГВдрИкГИГикВсВееидджкддБВинАдАзИекндАдксИиеднзнздекБГИсреББдндГеежнздВсдсБИизжкденсдкседАзВндзАеикАдсжАБрГГкззкжкВеБсИеррГдскжднккАкдИИеБдВикжккдИикГАрждГИснБкзекеззезддизВВИВнИдсАздВдкБсГГззАИркзксдкезБАГкБкрВИкжИсГсАББдсГккВБрВГГБИзИИдрнБАГБжБзБриккдИГГдееВзиГррБВдкГдИАВсжиизрддзекнВкИнднидкдсГАкжАрААВГждрезиИдсеИежИсдиккГжАнккБГВирдИеГИАВдВккААкАзкГнзИИдкднВАнИдиксездИкВдБВкГкБкндижБнБГБкжзсиБГИкиГдИдВВнждджБГГкееннекВк", "text_en": null}}, {"model": "info.news", "pk": 70, "fields": {"title": "рВрсАкдВВдВде", "title_en": null, "slug": "rvrsakdvvdvde", "date": "2021-03-31T13:33:39.161Z", "image": "chto-delat.png", "image_en": "", "text": "дннрддГркдидИкзАзВжеАдИдАрБиБзкккБВдГБзВАВкАнГИндАВкедВнзАежкззГнзАИВкккдИиГсБкАВжИиннеГкрИИееАдББеддАснсГсриддедкИркидсздкнИсккссВсИжВжзкнсржжВИИржжккдсАдрзИжВеБГИрБсржГииБеидИсАБГГеджкдзисдИжАдиГИежжеАкиВсдсзрсИиАкдрАиВркидздждддкББднкИнБсдкссидАБнАсБкрдАинзИзжИдкиИккдГАскркГИжзкзддБдГекеАкидекседБзГнГдзГсезиздГГсВВирдддАВддндкАздсГккБкздидБкИБдреГрАздВАкИкеркиВнккдБиИезБдидизВиГииИдБниеисикГнИзрсИкенжВждБдИзрдГккздиВдВсирБсиккАидГнжрГИждкдИиААИреркГджИкдрнеиАГсВсВиесАИикнзкАеиннждАжсзсБзИеБ", "text_en": null}}, {"model": "info.news", "pk": 71, "fields": {"title": null, "title_en": "SFSohRnSqRFgqghngn", "slug": "sfsohrnsqrfgqghngn", "date": "2021-03-31T13:33:39.177Z", "image": "", "image_en": "ssl-sert-livecoin.jpg", "text": "", "text_en": "FynGquShoRXXzwzgFVzyzyuVeSSgSVzlygqlVGnlSoRlRwuVlyXwlVzhVSqgyXlgFwSySXznluFShGeyVqSqFXlwhlGgonVqwwlegweVSquGyeuuqwFqnuozhowRVlqgFXXelhySlVSunwhRXRnRnnnSlzoXFXzzGhenFnhuyeueXXGlRGRuylewlgooqGhVzoohXohlVoFVzhnweGoSolSoqGwoSnGyzXluwgShzVozoRyzFXSgwgnFwuuVXwuSnwRnuVeoyhRlFhFwhVuVwGqRquVyoGGuFhnRwwFRlFyqgRqSqoVgnezgwlllGuVhFezewooXwRFGhzgnonVezwRohgqSnhzwqzuoSnRSownRXqgwGqeeXgzwelzhwSlgoyeRwhgwGqVglo"}}, {"model": "info.news", "pk": 72, "fields": {"title": "ВкдедВкдсрд", "title_en": null, "slug": "vkdedvkdsrd", "date": "2021-03-31T13:33:39.184Z", "image": "670ce7133c778048e50b48217f04fbe5.jpg", "image_en": "", "text": "ннГкИкииИкдВБрдидзззББжзИеидсГекиндджБсзиеснжкГВиГдкАИендееБрзАВндкееБркзИИдзкисИАдрГккженАВАкГИсжБскГеиИдИИдддеИжкБдкрринжкиееГккВАнзБИидкджГИВВзекБИИнГИрдежеГИкБиВсреддрзснижБГжнккВГВБдИкАжзрскААкддкдижесВдизБдддГГАиджВскдиддрзИждддкнздзААВсддГдИГкнАри", "text_en": null}}, {"model": "info.news", "pk": 73, "fields": {"title": null, "title_en": "gzggnSRhnRw", "slug": "gzggnsrhnrw", "date": "2021-03-31T13:33:39.192Z", "image": "", "image_en": "670ce7133c778048e50b48217f04fbe5.jpg", "text": "", "text_en": "zGwGXwSVSRyqquuRqlSGylGzGwGXGXeSquXgowzewGFGzgegyVnlFGzwgguVuVquwzhVuhVXeRFGXnhuuSlyyXShlGnVySygVyFRGuelnulXoeVRXnGyg"}}, {"model": "info.news", "pk": 74, "fields": {"title": "екдекрекнед", "title_en": null, "slug": "ekdekrekned", "date": "2021-03-31T13:33:39.215Z", "image": "chto-delat.png", "image_en": "", "text": "БзеекеизАкенкрзсиддксжззккИГрБсАзеИАсрдББкрГжзсИГдкБкиВкнркжнндИеГБдсзрерИреддкВддзсрсддВкГкеедерсАеБксГсГжжББдИВВдкГБВАжрАренГАкреАкБВААГАккекнждкББдВАкВнБддкВБесВГВдВеБисБидБнкежкАнксААкзидБржАндрсксИикдАкБкнизнеИИзкАнжикеенззкирдБИБрирдБрГкдВсеАкеекенВГжБрнкБиГИздВдББВрВдкдБАжИдккдзжндкзкдекккрИдкБкБдккАирИсисАжридзГкнжджкдБГеБИАерзкАГжжкнжГеБАзднАеиеекздкнАГрАГИиндИИердддААркнркнкИВИдиБВддсГГИВсдБкИсВВнАеВГднккдзксерИзГдркисИнАдидидкдИкИркБАирИизкГнзеинеБИдз", "text_en": null}}, {"model": "info.news", "pk": 75, "fields": {"title": "ерккдВВрВсрккнеекд", "title_en": null, "slug": "erkkdvvrvsrkkneekd", "date": "2021-03-31T13:33:39.224Z", "image": "670ce7133c778048e50b48217f04fbe5.jpg", "image_en": "", "text": "кнГдксБнГдИГрежжАГдднкдИндВеинниекжБиежккрАИБндкВкеБВддГздекидкиИкВБВАдБкИнжддзиВдкБдИВскзжГнждрАВжжГАджИдикеднсБзидндГнИГАИджисБАГГБАрдВзддГжжедкдкнжиААкАржкжддкннзкнИВкдзрддкрзкжддАрзкдсдАБексИдИБеАкижкиИдссВнндГБкБзрАжБдВкрГдВржзеББнддзИсзксИкеИБдкИзГжБкГеиАенсиезкнБждсджсднккеАГрГАкниГГиГиГнББАГржеИсВГзинедккрнИдеГкиеВссксБзнкдВИВджжеВнззизиАнБддГВБердсдсескдБГкИИдиИрзд", "text_en": null}}, {"model": "info.news", "pk": 76, "fields": {"title": "креденВскеАВеенркВннсеАдеВке", "title_en": null, "slug": "kredenvskeaveenrkvnnseadevke", "date": "2021-03-31T13:33:39.230Z", "image": "670ce7133c778048e50b48217f04fbe5.jpg", "image_en": "", "text": "еИдрдБИекзГкжззндВкджсдннеждсГБеАжкздрржБГВизБкдГринезеБАккезкджркжГдкдАГжкАсИсжжИкндкжИБнкиеАВсжАжрИБдеАерАдрзсИсднВеикеззкинсскВдкрИеГАжсдскИИнрВнркИнздВсИИАкррнзнжкрААкИрсИкБкзррр", "text_en": null}}, {"model": "info.news", "pk": 77, "fields": {"title": null, "title_en": "SgFFwwSwzwnnoongznzwgqhzqqgFh", "slug": "sgffwwswzwnnoongznzwgqhzqqgfh", "date": "2021-03-31T13:33:39.246Z", "image": "", "image_en": "chto-delat.png", "text": "", "text_en": "lnugSVoyghoGFzSqFuGeqowlVgeGRlwuuwelwewwlRRGFoRRlnhVFqqgVeqngwunRunhnzGeehFulllqnRVqyeGRzhnRyuouqySSXouFnnVwuRwhRnywqngRVRnuleoRSuwSgwuXwnSXXqzXnzzzGqhnlhyRwVXeGywwXqoVRgzwwqVgGunqeqGyhhhozVeuwyoqhnlRVlhuqlwngXwzSVzzXVyRqVylhFquuSFFqwhnqwXShuenyGqFySVzoqzuylwgRw"}}, {"model": "info.news", "pk": 78, "fields": {"title": "дВдесддВВАркндВекВкдннсАддррн", "title_en": null, "slug": "dvdesddvvarkndvekvkdnnsaddrrn", "date": "2021-03-31T13:33:39.257Z", "image": "chto-delat.png", "image_en": "", "text": "рдБдГиддГкГиГеенкГрржГИИдрВредижАГзГркГГреБежИГдБВскИИИВВеекексрддАжзндскзкБрсзАрБИГжГкжджсБднАБкидВрВзБдииВсВдВеВдзГддБзкзекксдкБиИезриекБВкдАкВрдежрВдкджВжиАеикдрсниАИкдГркнБГАидАдззеркрАБсАддкнкБнксксискккГИАркББррсзВежВкГкдеснсВАзжрАГср", "text_en": null}}, {"model": "info.news", "pk": 79, "fields": {"title": null, "title_en": "qFzhwqoRgnonohgoqgnnFzSSqgqw", "slug": "qfzhwqorgnonohgoqgnnfzssqgqw", "date": "2021-03-31T13:33:39.270Z", "image": "", "image_en": "670ce7133c778048e50b48217f04fbe5.jpg", "text": "", "text_en": "gzoVlogFRozFSquFqoSuzVehuyylFlqzzuXFqzloqwlyRSywlhlVhnFFVeSlSFlgnFghgXSeyGhwzzRnulVSXezRRelGlweVSeqowSlhholSoGoyFhRRgqXueqooyeReeyewRqShoowuuyzSlyFXoGlnznoohuye"}}, {"model": "info.news", "pk": 80, "fields": {"title": null, "title_en": "wnnqhnFSSoqqRohgqhnzFoggnqRFoRz", "slug": "wnnqhnfssoqqrohgqhnzfoggnqrforz", "date": "2021-03-31T13:33:39.285Z", "image": "", "image_en": "chto-delat.png", "text": "", "text_en": "gegqSeSRowyywSyFoVwRhSngyunoGyyRoqnyXgeqGgewlgeglRuogynVeXoFoGnzwGqonoGhelqeuVSgwhyqSoSlGezgwwoezzGynSgXXohXSuGuwXVuFhqnuSXznyXqegGwyRGFuVlGXqllwXnSXnuoFooVennwnhuzFuSlXFGXFlzGXyoqRqRXSeqwznXnoeVhlRhhleXhgSeqeVqhywgFhSeeFlhwFougVuShShRuyhgSgSohRnlVRhqSwnVGGwSwhGgzgwSVoXXXSSRGgFqFhXgSzyhquVnGlXegGXzuFRululoznGeFSGyXugGSgzRuywnRqwuounVzhzFeoueuyVFVgenRhXehguGwGqFRRzShluzVeoneSXFzXhXeXwoVXeoyFnlRGwFGuFFguuhyVqeGwyqowSGFezRXVFnggzwFegRFnhyqullyoylGyeVFFzhRlGRnVezwhnelgguwqgVoGezqowX"}}, {"model": "info.news", "pk": 81, "fields": {"title": null, "title_en": "qqwFqzhhzFog", "slug": "qqwfqzhhzfog", "date": "2021-03-31T13:33:39.304Z", "image": "", "image_en": "670ce7133c778048e50b48217f04fbe5.jpg", "text": "", "text_en": "VolzhXqeXqVyeeSFhFGugqyGFXFXwyXzughhhhSnznlXneRluRoRlewoSghzeyheySyFnGeqXyolFVhnnVVRFwwGSqyFVwyneuGVyGeRglRGFqVlhyXhwlRnyRSuoeXRzXVgVVylGqqneySRgRqRuRnFzhSneuouySeqluRozzlnSRollGnzRenlSSVXylwGGSlRlXRnFyGeughFFXSnyowXSynRRGRoXGSyFXnhFeRuzzeXwhhyoRlRGeSySozzzzeoqgqRghXoyXyeXlzXRgwSnFoGVnRuuunwwuGXwhyRghSuqSlwhXRqGnzegRVVgqVynqneFlFhGRGSuzeqRquSGeqSVueuFlSGzhuwlXnFzFSVnzzVegeRyzGRSnnywVuzFhlynqghgGSXwewonwgwoegFnqqySFggeyuozRlRGgqSzhFlyyywFhwzVRFgFlRlGhylFhFuwuogngwhlwFewonSFVqGRVoeVRwRyzegVqeGVX"}}, {"model": "info.news", "pk": 82, "fields": {"title": null, "title_en": "nzgRnnhwRznRhzoRohonwS", "slug": "nzgrnnhwrznrhzorohonws", "date": "2021-03-31T13:33:39.316Z", "image": "", "image_en": "670ce7133c778048e50b48217f04fbe5.jpg", "text": "", "text_en": "zGFnuyzRSuGlqgyyhueFugoohVVwhueyFewhgoyyguhgqhFwqGoezwyRShFXuzRGyRRzlwouwVogqRzFlyeVGXeoeeGXgeRSXShuSugqGgGgFGuhheRoqXGooVhgFSGFnegRRgyzlwqVyVXVenlgggRzVqXGXzwwzRglqySRoqRlySGXgnlunzVRylFXluqyRVFynSoquunznyozFyzyouuyhhlullonoqRSywSzeeyuhSuXRwXFGggGnhGegwSoSeFlnRgweyywXyyhyXzhFyohyVlzSFFzX"}}, {"model": "info.news", "pk": 83, "fields": {"title": null, "title_en": "hgnRwohqRFSShzozSgghqwgqRqSRg", "slug": "hgnrwohqrfsshzozsgghqwgqrqsrg", "date": "2021-03-31T13:33:39.327Z", "image": "", "image_en": "chto-delat.png", "text": "", "text_en": "SwzwoXqGwlqRzoFXuRqeVFzVheRzGnhSugSuwgheSloVFFFXgFqnlhGRGXXunoSyoFulSlFnhGuzwyggyFRqzSlhFwwwwGhnlFnnVwuzgwhynXleyVhgFGFlllhRSFezhzzFhqghVoXzwuSoeSwXehgFuVqGFFSFqFnFoueelyeRVynhzelolFVnwReunFeogVuynSlSwehzgqeghVyRXVSnhwXwuSeSzeXnSqRVowoyenVuwzXySyygXoohloSlShgRSlSGqRFSunXwewqGueXzVluqwehuRnFGygXXwRSyqgwS"}}, {"model": "info.news", "pk": 84, "fields": {"title": null, "title_en": "qgownwqSFR", "slug": "qgownwqsfr", "date": "2021-03-31T13:33:39.346Z", "image": "", "image_en": "chto-delat.png", "text": "", "text_en": "zoeSXwXnXnynSoSGnhyzlFnnhGwhFVFggFhqzXyheoFXzwRXXhyXohShVgXFhRyXGhFhVelgVgeVFuRSowFeqgoheGgqFleXwnhyogulXVuwnewzzyyhGVyoFgVSFhuwuVqzengwneGzXenGVwzFzlyonzFGqwSgXlzqnSVqzuyonRSqwoywnFuhyqhhVzlllGXwhywFoReVneuFogqqwGSzyXeFXGnholoGhqRzyznnqVwozqFVhSgXwRRynqRFXVnFzeSqlzqozoSlXwogwghghnygwRzlSyGnFVhguqogSlnXFGwFRhXSSVReewlVqlnSzqhzzGGhFwunqoFzVznullGGyRoqReonRnzoFFeeShqSVuzyhGwgXuRVFXSgGqowRRFzlFXwGzwgFGqzVGwVglqSzVwSVRSoXFRuFwoVoquyyhehhFgnFwRgXFlyVRXRwhXhSugnoSGlqRFzunShSeXqwgllySwqXSgqzuwnzGRRy"}}, {"model": "info.news", "pk": 85, "fields": {"title": "АкснАнАкееркнксАдеед", "title_en": null, "slug": "aksnanakeerknksadeed", "date": "2021-03-31T13:33:39.355Z", "image": "ssl-sert-livecoin.jpg", "image_en": "", "text": "езсрГБкАдиАВдИзнААИеИжесдВддкккрззИнддижнкВиАкезсежАГзежГзИВВИГзеАиАзжВрзВкзБАкнБнИБдскжкИжАкВИкдзВжИжкГжАеддВнжиднкрддрддзнИИИккнсдиВГдБиВВенедГжждАежздИеддкжирнВсзеИждИкрсБВкАинзкиеБекГсВеБеддижкккАсрВБИГБкБАкБеИенГкГАкежГждсдрВИААррАкдзАдкАджБзнкинсБИекиБВВБдГжИсзнзИнжрдкзИнкГзксВжГБГзжИжВзВжнВкеннжАдБГндидГизнкИГВедИИндиддкзрезкрскжВГзздзсБзесВнАееднддккБиж", "text_en": null}}, {"model": "info.news", "pk": 86, "fields": {"title": null, "title_en": "ShnzFhoghhqFhhwqhhRgRngw", "slug": "shnzfhoghhqfhhwqhhrgrngw", "date": "2021-03-31T13:33:39.366Z", "image": "", "image_en": "670ce7133c778048e50b48217f04fbe5.jpg", "text": "", "text_en": "zhquSooohwggqezXwynwyyhRzqyFghlFyguRSuwouguuSqSwezgygSXeXgFoqouSnGuwuVwnFwnhgoeGnyeSzFFzVquywhzVyFznSwzeFFeoFRleGlqhyneGogFXoVVueFwlFGyhRwlnVeFVzXFeuehgXeXwleulhXhhwzSeXVGGFuoyowRnyuGXeXRSnqqlzqeFSqzGFgRGeRoFGqlgwqlGllGFeuhXgVlhRlhVFFuoXluXhGVVoGlSwqqnolhXunSGXoVFFSFGnehwzlSoVGloXFlnzgyuSnohXqzXezuqhFhlSXuSlnSuXGuwRoGuleGhoVSgnFhoRFGRXhV"}}, {"model": "info.news", "pk": 87, "fields": {"title": null, "title_en": "zzqFSwqSqRShowhwhohwowwFoqnwh", "slug": "zzqfswqsqrshowhwhohwowwfoqnwh", "date": "2021-03-31T13:33:39.373Z", "image": "", "image_en": "ssl-sert-livecoin.jpg", "text": "", "text_en": "uhunFweyVunyXRluVzzllSwGugheluVySXuwyuezwVeoSoGloGRuzXozyzgRXgGVyeuqRueReqySgguXXSzhVVXzqSGgVzwFnFuoVzXRXVVRghFRSgglRXeSGqSoqnuuVGohhoXqVulFqFzXhwShehSR"}}, {"model": "info.news", "pk": 88, "fields": {"title": "едкдсВесАрдВдрВдррВсАрсВАрВдкден", "title_en": null, "slug": "edkdsvesardvdrvdrrvsarsvarvdkden", "date": "2021-03-31T13:33:39.384Z", "image": "670ce7133c778048e50b48217f04fbe5.jpg", "image_en": "", "text": "зИеижкАжзскнидрИзИВИдГжИрИБИкБеГрдГкИнржддИдАидИиреАГБнениИГАссБжиААкзсскикГИсжждБкиенкзВГннкИеАжеАААедижерАдзБддксВдзкБеБГИГжжГжГкдидВВднГкекАкГдзждВднБдзИсзжждБжсИнкБерзссрднедзддезииИВнзнрсГсздеВрзискжрБГжежкннжАеджГкАиВжсИдджзВжнкддсГкААжкГикедГзедИкеридГАБГнззиржГддАзиксдГВзВеВБАнВесИзсГеГззнжескирнкБеикскзезВсзежИИккрВнкГАГИдинВдАИнскВжВрнзсизиеисдедеВГжГдАеАкеГдрВксжеГдБдркрБВИзнВГИИеАГБВкАнрдксВижрдзАнжрзБннндрзБрдиИррВААГекезнзВжинВАсеИзГАзкзкАккжжкнАГВсИкБВззкАржАе", "text_en": null}}, {"model": "info.news", "pk": 89, "fields": {"title": null, "title_en": "nRSwhqSoSFSFSnwFhFRwngooqwwhoSh", "slug": "nrswhqsosfsfsnwfhfrwngooqwwhosh", "date": "2021-03-31T13:33:39.390Z", "image": "", "image_en": "ssl-sert-livecoin.jpg", "text": "", "text_en": "neFhRVFRFhzVquSogggyhXqznzgXVozVzSelhgnoqyeRzlqnoeXzRVqoqSwqeRVoGGyFySGhGVnGhlgRRlwewlXXuygzyRFugnwyFRnFloVlSqGwnoqSozSnhwgylwXqVquqleoqoVFVVwoReGnFznnyRulqghV"}}, {"model": "info.news", "pk": 90, "fields": {"title": "АсенкАВдАдс", "title_en": null, "slug": "asenkavdads", "date": "2021-03-31T13:33:39.398Z", "image": "670ce7133c778048e50b48217f04fbe5.jpg", "image_en": "", "text": "зинеВдАдрдзсеАГиИрБдскжБжВнжкккИГдиИИждрБнБкнВИкдГкБИИдижИВИБжВГнжВдБИсддАджнкиесжГрББнирдеИкВкреАннГИеИкздИИксдздАБсккИБзсжГАрВржкБИнддеИАеднирБжсжеиесГеГкиезжрсжджккнзАГнзрд", "text_en": null}}, {"model": "info.news", "pk": 91, "fields": {"title": "деАрдккАкс", "title_en": null, "slug": "deardkkaks", "date": "2021-03-31T13:33:39.406Z", "image": "chto-delat.png", "image_en": "", "text": "ежГГжВрВзккедАскБекГексзИиАкрИинкзсГАикскексиеБкдкднВАеБикккднзддИИкрзнзВдБерсзИднкАБАдИнкиирИБдкерднсдВрГеркзсГдВзВдиГАжеддкГезркжсГникерАВИиИзекзГсрзнедГАГБксВБГАнГВнВкдждекИиддддсскджккзсирИдзАдВжАдиеВдВВркнррББизикзрдАжидсГИБАзААежендддс", "text_en": null}}, {"model": "info.news", "pk": 92, "fields": {"title": "едркВрркВснВддАс", "title_en": null, "slug": "edrkvrrkvsnvddas", "date": "2021-03-31T13:33:39.417Z", "image": "670ce7133c778048e50b48217f04fbe5.jpg", "image_en": "", "text": "жВсизрдГАдекрзкзАГБееАВВАИезекжВсдержексББВВдГсирААВВкзрГеВннИккдкрдиБАензБИкИВрВеАрдБГВГкрАГесБрБкВккекеГеккндржзжГББеИзиГседдВАркдизАекБиБиВнрАзиВАиеАВрАрБрГдиГниккзерВисИжБндИБджеиАдсГресзБнрдГкдБрзздВижзВкдккГИкБААГИГджддиджжАжкккнннкИкзкГкИкАИБВВВАежГсГдркВиАдВдзкккежВсззкскБкИкнГдкГБжжкедзБзАжерВкАГИсзержкдееБеВжксдГжнрАзБзкдсрВдГдикредАднБдкАржддАдндАнжркАдАккрдАжкиБкжнрнрАзБзГндкзИекдсАкВАГБсИирдкИБдзБИкАдксззсдн", "text_en": null}}, {"model": "info.news", "pk": 93, "fields": {"title": null, "title_en": "RSgRwRRqghgoSRozFzqRg", "slug": "rsgrwrrqghgosrozfzqrg", "date": "2021-03-31T13:33:39.428Z", "image": "", "image_en": "chto-delat.png", "text": "", "text_en": "znnuyzzloohFlSFwXegXXhRhhwnoohGVuzSnyRFShyGhGXXyFlXqVFnGzqngogSFywzyhXwgoeXVRwShqSFlogzlXSSllFgeloReqVzuVeeFXzqleyXgVVlqFReenhSSGGuqgSGzhgqlhqSSoVRFzGGougGwFhRyVuwzegVhqFXXhezqRhRVlXnyySRgghwGRyhhzqonRegqwVueXyygGGhwFzznXlegRhqnRFXohSqhglXqFRuuzooVzGqueqVzgzGgRGFuGyXgSgGgwgzgFRVwXXhVVGFFheVyXXyVgqnonVoVRRRwFwoqXVFoVwuXGoRVzXglgwVonSSoFVwGRhqzRgSwGVnlezelnhgqqhyzuzhzFwqggXRzlhqhSeGwoyeoFlXXqFlhXVRyzVVwqSzFSVezXgFqFSSFeRwoRzguwnoyze"}}, {"model": "info.news", "pk": 94, "fields": {"title": "ВААеВкВдсдкрекдннАрВрнк", "title_en": null, "slug": "vaaevkvdsdkrekdnnarvrnk", "date": "2021-03-31T13:33:39.445Z", "image": "chto-delat.png", "image_en": "", "text": "зИнеждрАИкАдИдИржиВиИккАееБИБдкАндВксВАсВВжкдГззГнсВредизкГИГндИкИдГАжкжИВздкИдГГБжзАИнекждкБВкдкнИБдрГдеБсГкжздАкнркидкрдднржГИВсАжВжднедеииридВГжГАржкрИсеИГекИкАекесВГдИдзнИВсдк", "text_en": null}}, {"model": "info.news", "pk": 95, "fields": {"title": null, "title_en": "qhzzhFShnqgoRnghSznRRzgzFqhwh", "slug": "qhzzhfshnqgornghsznrrzgzfqhwh", "date": "2021-03-31T13:33:39.456Z", "image": "", "image_en": "chto-delat.png", "text": "", "text_en": "qzuyeeyqVyeqGGVegyquFlGuqwlzyRVelzuRRhFquqFhwyqFzywnqVqhnRoyyyhwweRzenVzqGuGngVSzSqhuqulGyewXqXVXVGegqgSSRFFXVzhhRweeFzFGlooqVRRXnFXywwloSzhzXhoFRGuelhGVenygzVuowhoVlulRwloXeVFSwlXgRqVVFohhFVulSuqoRhlSRFGhReuzXVFRhqGwwwylXqRnVhqhXuXlhVlXhGwzRqXqVqyqGeoSzlhGugFSlzSgoRRyghFhgSlXnzqzqnVezqwgFXRFhhXXVXeXggVFXewoeFwgXXRGqyVyhXXFlXeGXGRVullGgVoSowFuVSylhwqloRzwgVgweShuwGeGnzySGgnooohFnXguXVFeqnzwloqSoFuwVuhqXluRzSzu"}}, {"model": "info.news", "pk": 96, "fields": {"title": null, "title_en": "hqzRwFzghSgSSzSSSqzhoF", "slug": "hqzrwfzghsgsszsssqzhof", "date": "2021-03-31T13:33:39.465Z", "image": "", "image_en": "chto-delat.png", "text": "", "text_en": "GooRRRhyeXnlVgVnSVgSFlnzXqeShFRFhqulenFXVSolySngXwehzzuhXSnyVGglVXoSnXggzloqVuGGyggnnolhuXSouGSnqyGVSRGnoghqSewhqunzhoheeoyhFlogVnzyhVRXzwqF"}}, {"model": "info.news", "pk": 97, "fields": {"title": "дккнсеАдркдАнсрнндндес", "title_en": null, "slug": "dkknseadrkdansrnndndes", "date": "2021-03-31T13:33:39.481Z", "image": "670ce7133c778048e50b48217f04fbe5.jpg", "image_en": "", "text": "ддГАзВВрнресинжсрГдккккркнГсжИсдГБкндскксБдкИГААнжжскнБАжВАеддкджиззисдБААднддескикГдсИсАкВердедИкдднИреАрВкндАиИджнижжииВВГддндкАГГзрсзИАБАдкрИркддИдкдИнзсзедзВжддсскАдкнддржкнексзждзАжкнрБзкжкджсВИдАнзикирВАГГИБсддсжИнреИИрдВзГдддзждИдкднБсББирерИИГднБнккжАнИБИнАГидИнААИжБриАнБВжкеВкддрБкГжИнАИдкзБксИииедиИрдБикрркВБИБиИддБзВкскдерскикдерВжжВдкнеиИАГдизГекГГирИииГкАрБГГдзнАГИИжкекиБжкснВжГВддиниБдБзинкжкИжнжекжИиВкдсдАВккнкррАнАкБдБдкжрАднВБГжджкБсжВ", "text_en": null}}, {"model": "info.news", "pk": 98, "fields": {"title": "рекВсднеденАрнссАекВсрннВВ", "title_en": null, "slug": "rekvsdnedenarnssaekvsrnnvv", "date": "2021-03-31T13:33:39.493Z", "image": "670ce7133c778048e50b48217f04fbe5.jpg", "image_en": "", "text": "жниГзкддВзкИзВБкВкррикжсисенжниБиккВздИеГкнеГсИнсВрсржБдВкВжнесБдннннзнИжГИнИиАждсИкжкБдВрзеВАкдАккзднГжкедежГдВрАснкнИдАГрИрИГррнИиАрИАжижБдижесжзнВрркзкдиАИИВВВеБсзиГИАдИдкдкнсжБерркГдиеждкИдесрБжАГднеАркжБрсВИссекрсксАрАИзВкАзксББдджззГеижждрГкрГиГБжкриижедВзВиИАзГидГжкзкзкАкАсБксжБАВВрккиБрксдБдБиннГкГкджББкжГсГБГАирГзеииежекжрддсзБссжИАИдикддзВГВкиВИскИАиАкзжикБеБВдБдзИсиГАкзиежииГжикнинк", "text_en": null}}, {"model": "info.news", "pk": 99, "fields": {"title": "еАВнеекВВе", "title_en": null, "slug": "eavneekvve", "date": "2021-03-31T13:33:39.501Z", "image": "670ce7133c778048e50b48217f04fbe5.jpg", "image_en": "", "text": "сБВиБИББкккддБкдджкрржкиББзИВдкккдздБсдГВИБжИкддзИзкАржГкзкнИдиикиджзкнирзкжркБГИдГзИежеАжднеежБижидскеГниеБжжжжрисрзздкжрржжзкГкАИжкезрнАнИдВзБкескАрдриИИиГзндсГжрИеВГдИВзедИиеБИдикрГсБрВскБннридкнсАдкжнкнрзВкБиржАсГджжнкВрВИеГрсВзГзрдкИиззрВкжБскиИндккБдеВднВИжжГррнсрриддриндкВжГкдИсБзИВнзккВиБзжесжБрдджГжВБАккиБАрВккдВкззнккдздрИдВкджзжндГБдриднБнИИнАдИАнижи", "text_en": null}}, {"model": "info.news", "pk": 100, "fields": {"title": "еденннАенкВреВАдррАВВ", "title_en": null, "slug": "edennnaenkvrevadrravv", "date": "2021-03-31T13:33:39.511Z", "image": "chto-delat.png", "image_en": "", "text": "зееАзкАинднжзсккекндскБикежБркАВАжридИсрИиИдесзВкрнжВркрБГиБкжИсГзекиГГсААнГАБнкжкжекккБдждВАнжддзккинАГИнсБсждедГнздсАжекИВккзИензденккИкдАнжжкГГИАдГдррГидрнзеекАкрсдкГдИИБнАжджААнГжржзИснВВАиВкждсГнжИГркИжсждБГзжВсВБкниедрБИдИзндБкннднБАкжсджБсдАкБсденнИиежГдИВжкжАкрАсВрГИсрнзнкжсржзжВГИБГржсдддБАБрАБАГжАсиВзГкГкБдзАкАВзжзикБГБИрИднВкАГкззрВрВГисдкжккдрдкзкдБдГГкАкГннддВзрждредкдидкжеБзГедкд", "text_en": null}}, {"model": "info.news", "pk": 101, "fields": {"title": "ерВседдрндкАрААкАрдерк", "title_en": null, "slug": "ervseddrndkaraakarderk", "date": "2021-03-31T13:33:39.518Z", "image": "670ce7133c778048e50b48217f04fbe5.jpg", "image_en": "", "text": "зсиеркдднззГАнИеиркскИВГАеИВкГжснБИдекддкВнржнжидсссрдБсдрдикзнИБВдиГГкГжддкАВкдВинрдББсиренИБВкркБВВБккидАндззеБзжккндеждкжкИедГдредднжВзГедВиникккзржГикксАрАнАсснААБинрдрессИрежеИдиджзрдессеижркИкерзидрВАГкжВекжискежддБскскккГВсежеИкрИкекАсзИАИдиААеИдкВИрнзкВдкБждВееГжджсдиддБВВккеГииГзсВБеднжИииддкВкедддВдеенВАВдддиБАИБеддАеИжБжкирежи", "text_en": null}}, {"model": "info.news", "pk": 102, "fields": {"title": "ВкеАеекВкдеАВесдсВнААс", "title_en": null, "slug": "vkeaeekvkdeavesdsvnaas", "date": "2021-03-31T13:33:39.527Z", "image": "670ce7133c778048e50b48217f04fbe5.jpg", "image_en": "", "text": "изкннАВрсГддкААБкжГБдикреееББнздеВриГБрБнБИкккдБрежииджВиАидИкдБИВВсккрдддВдджсиБсАккВГнВБВднББнжкзкИзАрИзрескжзВВреГдрдГИрАнинАИеиААидржИрАдсдкжздкБдеидсВжзссзВрдиккАрББкВдГБжсжВирААИкИрАзБзржГкБеидддежнерБнсринжизААБдиззВнсжскБдддизндАдскВГдкррВзкИдИиззжниднзИГкдАзГждВжкккГГзВисБккзВкБкрркГижГдсжиджжБдАВзккИжнИиАдеВнесжендддББеИкск", "text_en": null}}, {"model": "info.news", "pk": 103, "fields": {"title": null, "title_en": "oSRFhgSSzFgqogSFgoSRgzwnhnRnq", "slug": "osrfhgsszfgqogsfgosrgzwnhnrnq", "date": "2021-03-31T13:33:39.533Z", "image": "", "image_en": "670ce7133c778048e50b48217f04fbe5.jpg", "text": "", "text_en": "owuwFgXhnewVuuqyRVuywVzGXRquuoqwqnnXVGwFywgoXVoySnoqSnwnyoVwSgyzFegSgXqGVunGqzSwRoXuSgqylwyzgRqVXRGweRoggRzgFFVzqnwSwqzVluFyGyRRVlzewoVyXXhXSFezlVowXuGzFwFzXVVGgneqzlueeeXnVohSolFhRGwlwXVnyFyeyqlGnwyXewzywXgzzhqSyqgwRnlqglwgeugXgggGzwFqVySXwnhqGVwXghleRXylwSGqVSluRGllywhSqyVzlhzzSVlyXFnFloSeznleylo"}}, {"model": "info.news", "pk": 104, "fields": {"title": "ВВрдВАдркдВсесАВкеВнкнккеВ", "title_en": null, "slug": "vvrdvadrkdvsesavkevnknkkev", "date": "2021-03-31T13:33:39.539Z", "image": "670ce7133c778048e50b48217f04fbe5.jpg", "image_en": "", "text": "БкеАИГиГжезенББИдкзсАкИИАсдВзжддГирБикдреккжГААкАессджрИАжАеиеиджГВжриАзрсеИнскднрИркджкиднАндБзрннБВАикздсАБдБББАзрАкрдсиАдждрзизБкзАеиБААнсжснжкиБкГкнВБГкркеГкИВрВкИВБдБкеИжиждкжрз", "text_en": null}}, {"model": "info.news", "pk": 105, "fields": {"title": "нрсАекВкАекрексеррр", "title_en": null, "slug": "nrsaekvkaekrekserrr", "date": "2021-03-31T13:33:39.547Z", "image": "670ce7133c778048e50b48217f04fbe5.jpg", "image_en": "", "text": "ВжкИАкзидВдежАИБккзссдИИВВзжИксБАекзиБикзекАнИденВиддВБАГрАИрдерИВБдГсеАнреГрддинккАкдиГержикИдескизБкиИдГезБннИВсинннГкссндкИнГБсидикжздеИВкАизджинерВВБрАднжжБзАкиГикезГрБдзИГздГрБдИВжГВИВрннБедБннркИдзжГрсждкедзАддБГкГБскВАрзрзкИжиВВАдиГндркжкАзИАедндГИГикнезкБединБжкизБекжжиркдИнкГкИБрВеиАрИнИиИдиИедВзАиВАжАенкддрзА", "text_en": null}}, {"model": "info.news", "pk": 106, "fields": {"title": null, "title_en": "SggzqwRzzSSoq", "slug": "sggzqwrzzssoq", "date": "2021-03-31T13:33:39.553Z", "image": "", "image_en": "chto-delat.png", "text": "", "text_en": "wgnngXRRuqGwSuVzRqehoeFeGlRVlnyhwolwVyhRhueFVhVuXzzgqoFwoXXghhogGGwhnzquqzFoSVRXenFezgXVgzVyongqFShhuuguhS"}}, {"model": "info.news", "pk": 107, "fields": {"title": null, "title_en": "nggzFogFRFhhzSzqqnhwRnznwFz", "slug": "nggzfogfrfhhzszqqnhwrnznwfz", "date": "2021-03-31T13:33:39Z", "image": "", "image_en": "ssl-sert-livecoin.jpg", "text": "", "text_en": "<h2>First, are we on the main chain?</h2>\r\n\r\n<p>You&rsquo;ll need to check if the hash sums of your most recent blocks match those on the main chain.</p>\r\n\r\n<p>To do this, open the&nbsp;<a href=\"https://explorer.emercoin.com/\"><u>Emercoin Block Explorer</u></a>&nbsp;in your browser:</p>\r\n\r\n<p><img alt=\"\" src=\"https://emercoin.com/storage/images/Y66QprccLdb8aENEAtYObscYDZmniq2SiUgxnLqh.png\" style=\"height:637px; width:943px\" /></p>\r\n\r\n<p>The number of the last block is at the top left. Let&#39;s check that your blockchain contains the second-to-last mainchain block (block #364341 in the example). Click on this block&rsquo;s icon in the list on th</p>"}}, {"model": "info.news", "pk": 108, "fields": {"title": null, "title_en": "zzRFzSFzzFFhoFzSh", "slug": "zzrfzsfzzffhofzsh", "date": "2021-03-31T13:33:39Z", "image": "", "image_en": "chto-delat.png", "text": "", "text_en": "<h2>First, are we on the main chain?</h2>\r\n\r\n<p>You&rsquo;ll need to check if the hash sums of your most recent blocks match those on the main chain.</p>\r\n\r\n<p>To do this, open the&nbsp;<a href=\"https://explorer.emercoin.com/\"><u>Emercoin Block Explorer</u></a>&nbsp;in your browser:</p>\r\n\r\n<p><img alt=\"\" src=\"https://emercoin.com/storage/images/Y66QprccLdb8aENEAtYObscYDZmniq2SiUgxnLqh.png\" style=\"height:637px; width:943px\" /></p>\r\n\r\n<p>The number of the last block is at the top left. Let&#39;s check that your blockchain contains the second-to-last mainchain block (block #364341 in the example). Click on this block&rsquo;s icon in the list on th</p>"}}, {"model": "info.person", "pk": 1, "fields": {"name": "Евгений Шумилов", "name_en": "Eugene Shumilov", "image": "team22x.jpg", "whois": "Основатель", "whois_en": "Founder", "info_short": "<p>Сторонник распределенных вычислений и опенсорсных проектов, уверен в том, что блокчейн Эмеркоина обеспечит устойчивую, прозрачную и достоверную среду для бизнеса и индивидуальных проектов.</p>", "info_short_en": "<p>A proponent of distributed computing and open source projects, he is sure that the Emercoin blockchain will provide a stable, transparent and reliable environment for business and individual projects.</p>", "info": "", "info_en": "", "is_team": true, "is_adviser": false, "linkedin": "https://www.linkedin.com/in/eugene-shumilov-108671b2/", "facebook": "", "twitter": ""}}, {"model": "info.person", "pk": 2, "fields": {"name": "Олег Ховайко", "name_en": "Oleg Khovayko", "image": "405006fcc04233119f2db3c92fcdb3bc.jpg", "whois": "Эксперт по криптографии и финансовым технологиям", "whois_en": "CTO of Emercoin | Cryptography and Financial Expert", "info_short": "<p>Гуру криптографии и блокчейн-технологий с солидным опытом в финансовой сфере.</p>", "info_short_en": "<p>Has a strong background in the realm of finance and specializes in the technical aspects of blockchains and cryptography.</p>", "info": "", "info_en": "", "is_team": true, "is_adviser": false, "linkedin": "https://www.linkedin.com/in/oleg-khovayko-78a2165/", "facebook": "https://www.facebook.com/oleg.khovayko", "twitter": ""}}, {"model": "info.person", "pk": 3, "fields": {"name": "Евгений Меренков", "name_en": "Eugene Merenkov", "image": "6aff4cf6b15afd46474d734fb1d4d3f0.jpg", "whois": "Ведущий разработчик", "whois_en": "Senior Software Engineer", "info_short": "<p>Разработчик и тестировщик, делающий Emercoin лучше и технологичнее день ото дня.</p>", "info_short_en": "<p>Focuses on improving Emercoin&#39;s currency and blockchain offerings through the testing and development of new technology.</p>", "info": "", "info_en": "", "is_team": true, "is_adviser": false, "linkedin": "", "facebook": "", "twitter": ""}}, {"model": "info.person", "pk": 4, "fields": {"name": "Марк ван дер Хейс", "name_en": "Marc van der Chijs", "image": "22fa7b5954c76fa6c0f3008eb5b507f6.jpg", "whois": "Основатель First Block Capital", "whois_en": "Founder, First Block Capital", "info_short": "<p>Основатель и директор First Block Capital, первой канадской инвестиционной фирмы, вкладывающей средства в криптоактивы.</p>", "info_short_en": "<p>Founder and Director of First Block Capital, Canada&rsquo;s first fully registered investment firm that invests in crypto assets.</p>", "info": "<p>Основатель и директор First Block Capital, первой канадской инвестиционной фирмы, вкладывающей средства в криптоактивы. Начал активность в блокчейн-сфере в начале 2013 года, став партнёром в CrossPacific Capital. Полностью сосредоточился на криптопроектах в конце 2016-го.</p>\r\n\r\n<p>Карьера Марка началась в середине 1990-х в международном автогиганте Daimler, где он занимал ряд позиций, связанных с финансовым контроллингом. В 2004-м он стал сооснователем Tudou, крупнейшего китайского видеохостинга, который в 2011-м попал на NASDAQ, а затем был приватизирован обратно Alibaba за миллиарды долларов.</p>\r\n\r\n<p>Марк твёрдо верит, что блокчейн-технологии полностью изменят все аспекты ведения бизнеса в следующие пару лет, и активно поддерживает разработчиков, которые ставят технологии во главу угла.</p>", "info_en": "<p>Founder and Director of First Block Capital, Canada&rsquo;s first fully registered investment firm that invests in crypto assets. He has been in active in the blockchain space since early 2013 as partner in venture capital firm CrossPacific Capital and has been working full time on crypto projects since late 2016.</p>\r\n\r\n<p>He started his career at automotive multinational Daimler in the mid-1990s in several financial controling positions.In 2004 he co-founded China&rsquo;s largest online video site Tudou.com, that was listed on the NASDAQ in 2011 and later taken private by Alibaba in a multi-billion dollar deal.</p>\r\n\r\n<p>He is a big believer that blockchain technology will completely change every aspect of business over the next couple of years and wants to actively support teams that put technology first.</p>", "is_team": false, "is_adviser": true, "linkedin": "https://www.linkedin.com/in/chijs/", "facebook": "https://www.facebook.com/chijs", "twitter": "https://twitter.com/chijs"}}, {"model": "info.person", "pk": 5, "fields": {"name": "Алексей Петров", "name_en": "Alex Petrov", "image": "79161799989236c9feb9969a86dfd3b0.jpg", "whois": "CIO, Bitfury Group", "whois_en": "CIO, Bitfury Group", "info_short": "<p>Алекс имеет более 35 лет опыта работы в IT-индустрии &mdash; как с &laquo;софтом&raquo;, так и с &laquo;железом&raquo;.</p>", "info_short_en": "<p>With over 35 years in IT, Alex Petrov has the expertise in both hardware and software solutions.</p>", "info": "<p>Алекс имеет более 35 лет опыта работы в IT-индустрии &mdash; как с &laquo;софтом&raquo;, так и с &laquo;железом&raquo;. Специализируется на оптимизации высоконагруженных систем, базах данных, больших данных и масштабных сетях передачи данных.</p>\r\n\r\n<p>В прошлом аудитор информационной безопасности с упором на оптимизацию бизнес-процессов и кризисное управление. За свою карьеру запустил несколько успешных бизнесов и глобальных потребительских брендов.</p>\r\n\r\n<p>Благодаря его помощи многие бизнес-команды смогли наладить быстрые и надёжные транзакции в основных криптовалютах, что создало фундамент для будущего роста Bitfury Group. Алекс отвечает за координацию технической консультационной деятельности в рамках Emercoin.</p>", "info_en": "<p>With over 35 years in IT, Alex Petrov has the expertise in both hardware and software solutions. He has expertise in high-load systems optimization, databases, big-data analysis, data networking and communications on a large scale.</p>\r\n\r\n<p>He is a former IT security auditor, with specialties in business processes optimizations and crisis management. His track record includes the launch of new successful businesses and global consumer brands.</p>\r\n\r\n<p>He has been leading high-performance teams to enable fast and reliable transactions in world-renown cryptocurrencies, creating the ground for future growth with the Bitfury Group. Alex will be responsible for overseeing technical advisory efforts for Emercoin.</p>", "is_team": false, "is_adviser": true, "linkedin": "", "facebook": "https://www.facebook.com/sysman.net", "twitter": ""}}, {"model": "info.company", "pk": 1, "fields": {"title": "Deloitte", "slug": "deloitte", "logo": "info/project-1.png", "logo_big": "info/project-12x.png", "is_partner": false, "is_used": true, "text": "<p>Deloitte &ndash; это международная компания, предоставляющая консалтинговые услуги по аудиту, налогам, корпоративным рискам и финансам.</p>", "text_en": "<p>Deloitte is a multinational company providing audit, tax, consulting, enterprise risk and financial advisory services.</p>", "text_more": "<p><a href=\"https://www2.deloitte.com/ua/en.html\" rel=\"nofollow noopener\" target=\"_blank\">Deloitte</a>&nbsp;&ndash; это международная компания, предоставляющая консалтинговые услуги по аудиту, налогам, корпоративным рискам и финансам.</p>\r\n\r\n<p>Deloitte использовала EmerDPO и применила технологию к юридическим обязывающим документам для создания собственного решения &ndash;&nbsp;<a href=\"https://www2.deloitte.com/ua/uk/pages/press-room/press-release/2017/doc-sensus-ru.html\" rel=\"nofollow noopener\" target=\"_blank\">DocSensus</a>. Оно конвертирует документ в формат Base64 и сохраняет его в EmerNVS под уникальным ID.</p>\r\n\r\n<p>Каждый документ сопровождается QR-кодом, который перенаправляет к веб-приложению DocSensus. Оно обращается к EmerNVS для получения идентификатора документа, извлекает и декодирует содержимое документа и показывает его пользователю. Таким образом, каждый может быстро проверить электронный оригинал онлайн и подтвердить подлинность документов.</p>\r\n\r\n<p>Вместо хранения бумажных копий документов, которые подвержены фальсификации, утери и краже, Deloitte хранит их в электронной форме в распределенной базе данных, которая защищена от любых манипуляций. И, что не менее важно, это позволяет сохранить около 5000 деревьев в год!</p>", "text_more_en": "<p><a href=\"https://www2.deloitte.com/ua/en.html\" rel=\"nofollow noopener\" target=\"_blank\">Deloitte</a>&nbsp;is a multinational company providing audit, tax, consulting, enterprise risk and financial advisory services.</p>\r\n\r\n<p>Deloitte has used EmerDPO and applied it to legally binding documents to create its branded&nbsp;<a href=\"https://www2.deloitte.com/ua/uk/pages/press-room/press-release/2017/doc-sensus-ru.html\" rel=\"nofollow noopener\" target=\"_blank\">DocSensus</a>&nbsp;solution. The solution converts the document to the Base64 format and stores it in the Emercoin NVS under a unique ID.</p>\r\n\r\n<p>Each document is accompanied with a QR code that leads to the DocSensus web app, which queries the NVS for the document&rsquo;s ID, retrieves and decodes the document content, and shows it to the user. Thus, anyone can quickly check the electronic original online and confirm the authenticity of the document in their hands.</p>\r\n\r\n<p>Thus, instead of storing paper copies of documents that are prone to falsification, loss, and theft, Deloitte keeps them in electronic form and stores in a distributed database that is secure against any form of manipulation. And, last but not least, this saves around 5,000 trees a year!</p>"}}, {"model": "info.company", "pk": 2, "fields": {"title": "eZuce", "slug": "ezuce", "logo": "info/esuze_lit.jpg", "logo_big": "info/esuze_big.jpg", "is_partner": true, "is_used": false, "text": "<p>eZuce &ndash; это инновационная технологическая компания, предоставляющая предприятиям сервисы для видео и голосовых конференций.</p>", "text_en": "<p>eZuce is an innovative technology company that provides enterprises with services for video and voice conferences.</p>", "text_more": "<p><a href=\"https://ezuce.com\" rel=\"nofollow noopener\" target=\"_blank\">eZuce</a>&nbsp;&ndash; это инновационная технологическая компания, предоставляющая предприятиям сервисы для видео и голосовых конференций.</p>\r\n\r\n<p>Это первый поставщик услуг, который использует блокчейн для улучшения телефонной и видеосвязи. Цель eZuce &ndash; изменить взаимодействие команд.</p>\r\n\r\n<p><a href=\"https://ezuce.com/ezuce-emercoin-speed-adoption-blockchain-phone-video-services/\">Партнерство с Emercoin</a> помогает сократить время соединения и расходов на звонки для клиентов с помощью блокчейн-технологий. ENUMER позволил сократить время соединения с трех секунд до менее половины секунды.</p>", "text_more_en": "<p><a href=\"https://ezuce.com/\" rel=\"nofollow noopener\" target=\"_blank\">eZuce</a>&nbsp;is an innovative technology company that provides enterprises with services for video and voice conferences.</p>\r\n\r\n<p>It is the first service provider to use blockchain to improve phone and video communications. eZuce aims to transform the way teams communicate.</p>\r\n\r\n<p>The partnership with Emercoin helps to reduce call connection times and costs for customers by using blockchain technologies. ENUMER allowed reducing the connection time from three seconds to less than half a second.</p>"}}, {"model": "info.company", "pk": 3, "fields": {"title": "Coca Cola Company", "slug": "coca-cola-company", "logo": "info/project-8.png", "logo_big": "info/project-82x.png", "is_partner": false, "is_used": true, "text": "<p>Coca Cola Company &ndash; это американская компания, крупнейший производитель и поставщик безалкогольных напитков, концентратов и сиропов.</p>", "text_en": "<p>Coca Cola Company is an American food company, the world&rsquo;s largest manufacturer and supplier of nonalcoholic beverage concentrates and syrups.</p>", "text_more": "<p><a href=\"https://www.coca-colacompany.com/\" rel=\"nofollow noopener\" target=\"_blank\">Coca Cola Company</a>&nbsp;&ndash; это американская компания, крупнейший производитель и поставщик безалкогольных напитков, концентратов и сиропов.</p>\r\n\r\n<p>Проект по борьбе с принудительным трудом является совместным проектом Coca Cola, Государственного департамента США, Bitfury Group и Emercoin.</p>\r\n\r\n<p><a href=\"https://www.reuters.com/article/us-blockchain-coca-cola-labor/coca-cola-u-s-state-dept-to-use-blockchain-to-combat-forced-labor-idUSKCN1GS2PY\">Объединение усилий</a> позволило создать блокчейн-систему для борьбы с одним из самых популярных преступлений нашего мира &ndash; принудительным трудом. В качестве основы безопасного реестра для работников и их контрактов используются блокчейн-сервисы Emercoin. Подлинность записей обеспечивается верификацией и подтверждением подлинности на блокчейне. Это отличный пример того, как блокчейн можно использовать не только для бизнеса, но и для социальных нужд.</p>", "text_more_en": "<p><a href=\"https://www.coca-colacompany.com/\" rel=\"nofollow noopener\" target=\"_blank\">Coca Cola Company</a>&nbsp;is an American food company, the world&rsquo;s largest manufacturer and supplier of nonalcoholic beverage concentrates and syrups.</p>\r\n\r\n<p>Project to combat forced labor is a joint project of Coca Cola, U.S. State Department, Bitfury Group and Emercoin. Combined forces allowed to create a blockchain system to fight one of the most popular crimes in our world &ndash; forced labor.</p>\r\n\r\n<p>Emercoin blockchain services were used as a basis of a secure registry for workers and their contracts. Blockchain&rsquo;s validation and digital notary capabilities are used to ensure the authenticity of all records. It&rsquo;s a great example of how blockchain can be used not only for business but also for social affairs.</p>"}}, {"model": "info.company", "pk": 4, "fields": {"title": "Bitfury", "slug": "bitfury", "logo": "info/bitfury_lit.png", "logo_big": "info/bitfury_big.png", "is_partner": true, "is_used": false, "text": "<p>Bitfury Group &mdash; ведущая мировая блокчейн-компания с полным спектром услуг, а также один из крупнейших частных поставщиков инфраструктуры в сфере блокчейн.</p>", "text_en": "<p>The Bitfury Group is the largest full-service blockchain technology company in the world.</p>", "text_more": "<p><a href=\"https://bitfury.com\">Bitfury</a> разрабатывает и предоставляет программное обеспечение и технику для бизнеса, правительств, организаций и отдельных лиц, чтобы безопасно перемещать активы в системе блокчейн.</p>\r\n\r\n<p><a href=\"http://bitfury.com/content/downloads/_ru_bitfury-risk-cooperative-and-beazley-partner-on-blockchain-based-risk-registry.pdf\">Партнеры работают</a> с командой разработчиков проекта Emercoin &mdash; лидера в области децентрализованных и безопасных бизнес-сервисов.</p>\r\n\r\n<p>&nbsp;</p>", "text_more_en": "<p>The Bitfury Group is the largest full-service blockchain technology company in the world.</p>\r\n\r\n<p>Bitfury Group develops and delivers cutting-edge software and hardware solutions necessary for businesses, governments, organizations and individuals to securely move assets across the blockchain. Their expertise ensures successful, easy, fast, secure, and cost-effective connectivity to the blockchain.</p>\r\n\r\n<p>In January 2018 the Bitfury Group and First Block Capital announced they have invested in Emercoin and will support the ground-breaking provider of blockchain solutions and services for customers around the world. The decision to support and invest in the Emercoin Blockchain enabled Bitfury to expand the scope of future applications it designs.</p>"}}, {"model": "info.company", "pk": 5, "fields": {"title": "Microsoft", "slug": "microsoft", "logo": "info/microsoft_lit.png", "logo_big": "info/microsoft_big.png", "is_partner": true, "is_used": false, "text": "<p>Ма́йкрософт &mdash; одна из крупнейших транснациональных компаний по производству проприетарного программного обеспечения для различного рода вычислительной техники &mdash; персональных компьютеров, игровых приставок, КПК, мобильных телефонов и прочего.</p>", "text_en": "<p>Microsoft Corporation is an American multinational technology company with headquarters in Redmond, Washington.</p>", "text_more": "<p>Ма́йкрософт &mdash; одна из крупнейших транснациональных компаний по производству проприетарного программного обеспечения для различного рода вычислительной техники &mdash; персональных компьютеров, игровых приставок, КПК, мобильных телефонов и прочего.</p>\r\n\r\n<p><a href=\"https://habr.com/en/company/microsoft/blog/310812/\">Emercoin присоединился к Microsoft Azure</a> в январе 2016 года, став одним из первых партнеров-провайдеров сервиса блокчейна. А с сегодняшнего дня Emercoin Blockchain Engine стал первым в Microsoft Azure Market приложением, предоставляющим блокчейн-сервисы конечному потребителю.</p>\r\n\r\n<p>На данный момент проект&nbsp;Emercoin Blockchain Engine заморожен.</p>", "text_more_en": "<p>Microsoft Corporation is an American multinational technology company with headquarters in Redmond, Washington.</p>\r\n\r\n<p>Microsoft develops, manufactures, licenses, supports and sells computer software, consumer electronics, personal computers, and services. Its best known software products are the Microsoft Windows line of operating systems, the Microsoft Office suite, and the Internet Explorer and Edge web browsers. Its flagship hardware products are the Xbox video game consoles and the Microsoft Surface lineup of touchscreen personal computers. As of 2016, it is the world&#39;s largest software maker by revenue, and one of the world&#39;s most valuable companies.</p>\r\n\r\n<p>On June 19, 2016 Emercoin released the Emercoin Blokchain Engine - the first application based on blockchain technology in the Microsoft&rsquo;s Azure Marketplace, designed for the end user. With it, any user can deploy ready-to-use Emercoin Blockchain Engine with EMCSSH service and a e-wallet by subscribing to Microsoft Azure, without any additional settings and settings. Blockchain Engine is a functional and robust, yet simple to use system for designing applications. It contains an expansive suite of tools that can be used to create an entirely new project, or to improve upon an existing application already in operation. Speaking about implementation UN, Microsoft and Emercoin have already used Blockchain Engine to find out whether blockchain can provide a more effective way of managing the UN car fleet.</p>"}}, {"model": "emerdocs.docpage", "pk": 1, "fields": {"url": "about-emercoin", "text": "<p>Этот раздел ещё не переведен на русский язык</p>\r\n\r\n<p>Вы поможете сообществу, если переведете этот раздел на английский</p>", "text_en": "<p><img alt=\"Emercoin logo\" src=\"/media/Logo_2017.png\" style=\"width:200px\" /></p>\r\n\r\n<p>&nbsp;</p>\r\n\r\n<p>Emercoin is a&nbsp;<a href=\"https://en.wikipedia.org/wiki/Blockchain\" rel=\"nofollow\" target=\"_blank\">blockchain</a>&nbsp;platform supporting a wide range of distributed trusted services. Distinctive features include high reliability, robustness and 3-in-one hybrid mining (PoW+MergedMining+PoS). Currently, the Emercoin platform already runs the network security services&nbsp;<a href=\"https://emercoin.com/en/documentation/blockchain-services/emerssl/emerssl-introduction\">EmerSSL</a>/<a href=\"https://emercoin.com/en/documentation/blockchain-services/emerssh\">EmerSSH</a>, decentralized domain system&nbsp;<a href=\"https://emercoin.com/en/documentation/blockchain-services/emerdns/emerdns-introduction\">EmerDNS</a>, an anti-counterfeit solution&nbsp;<a href=\"https://emercoin.com/en/documentation/blockchain-services/emerdpo/emerdpo-introduction\">EmerDPO</a>, VOIP solution&nbsp;<a href=\"https://emercoin.com/en/documentation/blockchain-services/enumer\">ENUMER</a>, as well as several other&nbsp;<a href=\"https://emercoin.com/en/documentation/blockchain-services/introduction-to-emercoin-services\">bundled blockchain services</a>. At the heart of many of these innovations is the&nbsp;<a href=\"https://emercoin.com/en/documentation/blockchain-services/emernvs\">Emercoin NVS</a>&nbsp;which allows for the arbitrary storage of&nbsp;<strong>name-&gt;value</strong>&nbsp;pairs on the blockchain.</p>\r\n\r\n<p>The official project website can be found at&nbsp;<a href=\"https://emercoin.com/en/\">emercoin.com</a></p>"}}, {"model": "emerdocs.docpage", "pk": 2, "fields": {"url": "the-emc-currency", "text": "<p>Этот раздел ещё не переведен на русский язык</p>\r\n\r\n<p>Вы поможете сообществу, если переведете этот раздел на английский</p>", "text_en": "<h1>The EMC Currency</h1>\r\n\r\n<p>EMC or &quot;emercoin&quot; (lower case) is the&nbsp;<a href=\"https://en.wikipedia.org/wiki/Unit_of_account\" rel=\"nofollow\" target=\"_blank\">monetary unit of account</a>&nbsp;used for financial transactions on the Emercoin blockchain, and for&nbsp;<a href=\"https://emercoin.com/en/documentation/blockchain-services/introduction-to-emercoin-services\">Emercoin blockchain services</a>. An EMC cent (EMc) is 0.01 EMC.</p>\r\n\r\n<h2>Obtaining EMC</h2>\r\n\r\n<p>There are several main ways to obtain EMC:</p>\r\n\r\n<ul>\r\n\t<li>Mint EMC with&nbsp;<a href=\"https://emercoin.com/en/documentation/block-generation/proof-of-stake-minting\">Proof-of-Stake</a>&nbsp;minting (PoS).</li>\r\n\t<li>Mine EMC with&nbsp;<a href=\"https://emercoin.com/en/documentation/block-generation/proof-of-work-mining\">Proof of Work</a>&nbsp;mining (PoW).</li>\r\n\t<li>Earn EMC by providing products or services in return for it.</li>\r\n\t<li>Trade EMC on one of the participating exchanges that supports EMC.</li>\r\n</ul>"}}, {"model": "emerdocs.docpage", "pk": 3, "fields": {"url": "specifications", "text": "<p>Этот раздел ещё не переведен на русский язык</p> <p>Вы поможете сообществу, если переведете этот раздел на английский</p>", "text_en": "<h1>Emercoin Specifications</h1>\r\n\r\n<p>Emercoin (EMC) is a&nbsp;<a href=\"https://en.wikipedia.org/wiki/Cryptocurrency\" rel=\"nofollow\" target=\"_blank\">cryptocurrency</a>&nbsp;with hybrid&nbsp;<a href=\"https://en.wikipedia.org/wiki/Proof-of-stake\" rel=\"nofollow\" target=\"_blank\">PoS</a>&nbsp;and&nbsp;<a href=\"https://en.wikipedia.org/wiki/Proof-of-work_system\" rel=\"nofollow\" target=\"_blank\">PoW</a>&nbsp;mining (merge-mined with Bitcoin). Coin generation is focused mostly on production of coins by energy-conservative PoS as PoW difficulty gradually increases over time.</p>\r\n\r\n<table>\r\n\t<tbody>\r\n\t\t<tr>\r\n\t\t\t<td>Total Supply:</td>\r\n\t\t\t<td>Algorithmically increasing at approx. 6% per year [<a href=\"https://explorer.emercoin.com/stats\" rel=\"nofollow\" target=\"_blank\">click here for latest stats</a>].</td>\r\n\t\t</tr>\r\n\t\t<tr>\r\n\t\t\t<td>Block frequency:</td>\r\n\t\t\t<td>10 minute average.</td>\r\n\t\t</tr>\r\n\t\t<tr>\r\n\t\t\t<td>PoW Algorithm:</td>\r\n\t\t\t<td><a href=\"https://en.wikipedia.org/wiki/SHA-2\" rel=\"nofollow\" target=\"_blank\">SHA-256</a>&nbsp;(merge-mined with Bitcoin).</td>\r\n\t\t</tr>\r\n\t\t<tr>\r\n\t\t\t<td>PoW block reward:</td>\r\n\t\t\t<td>5020 EMC, decreasing according to PoW difficulty.<br />\r\n\t\t\t<br />\r\n\t\t\t<code>Formula: Reward = 5020 / sqrt(sqrt(difficulty))</code></td>\r\n\t\t</tr>\r\n\t\t<tr>\r\n\t\t\t<td>PoS reward:</td>\r\n\t\t\t<td>Approx. 6% pa.</td>\r\n\t\t</tr>\r\n\t\t<tr>\r\n\t\t\t<td>PoS stake-weight maturity:</td>\r\n\t\t\t<td>30 days.</td>\r\n\t\t</tr>\r\n\t\t<tr>\r\n\t\t\t<td>Max. stake-weight:</td>\r\n\t\t\t<td>90 days.</td>\r\n\t\t</tr>\r\n\t\t<tr>\r\n\t\t\t<td>Difficulty adjustment:</td>\r\n\t\t\t<td>Recalculated each block. Adjustment gradually increases over time to favor PoS minting.</td>\r\n\t\t</tr>\r\n\t\t<tr>\r\n\t\t\t<td>Maturity for newly mined reward:</td>\r\n\t\t\t<td>32 blocks until new coins can be spent.</td>\r\n\t\t</tr>\r\n\t\t<tr>\r\n\t\t\t<td>Base58Check encoding&nbsp;<a href=\"https://en.bitcoin.it/wiki/List_of_address_prefixes\" rel=\"nofollow\" target=\"_blank\">address prefix</a>:</td>\r\n\t\t\t<td>33</td>\r\n\t\t</tr>\r\n\t\t<tr>\r\n\t\t\t<td>Default p2p port:</td>\r\n\t\t\t<td>6661</td>\r\n\t\t</tr>\r\n\t\t<tr>\r\n\t\t\t<td>Default RPC port:</td>\r\n\t\t\t<td>6662</td>\r\n\t\t</tr>\r\n\t</tbody>\r\n</table>"}}, {"model": "emerdocs.docpage", "pk": 4, "fields": {"url": "security-principles", "text": "<p>Этот раздел ещё не переведен на русский язык</p> <p>Вы поможете сообществу, если переведете этот раздел на английский</p>", "text_en": "<h1>Emercoin Security Principles</h1>\r\n\r\n<p>Inheriting all the security advantages of bitcoin, Emercoin uses peer-to-peer technology to operate without a centralized authority. Transaction verification and currency issuance is carried out collectively by the network through consensus. All records are completely decentralized and uncensorable and cannot be altered, revoked or suspended by any authority.</p>\r\n\r\n<p>While blockchains are&nbsp;<a href=\"https://en.wikipedia.org/wiki/Secure_by_design\" rel=\"nofollow\" target=\"_blank\">secure by design</a>, the possibility of&nbsp;<a href=\"https://www.google.com/search?q=51+percent+attack\" rel=\"nofollow\" target=\"_blank\">51% attacks</a>&nbsp;exist where an entity controls more than half of the network hashing power.</p>\r\n\r\n<p>But with PoW and PoS working in tandem, the Emercoin blockchain possesses an enhanced degree of security. A 51% attack on Emercoin would require someone having both a minimum of 51% of the network hashpower and at least 51% of the total coin supply in their possession. Such an attack on the Emercoin blockchain would be a self destructive move by the attacker since they would simultaneously be damaging the network and devaluing their own massive coin holdings.</p>\r\n\r\n<p>Now that Emercoin is&nbsp;<a href=\"https://emercoin.com/en/documentation/block-generation/proof-of-work-mining\">merge-mined</a>&nbsp;with Bitcoin, it benefits from a significant portion of the mining power of the Bitcoin network.</p>\r\n\r\n<p>Technically a 51% attack on Emercoin would have been possible before merge-mining began but it would have been a fruitless move that required spending a large sum of money to perform, and only someone with several million dollars to waste and a serious grudge against the Emer blockchain would have had the means to do it.</p>"}}, {"model": "emerdocs.docpage", "pk": 5, "fields": {"url": "gui-wallet", "text": "<p>Этот раздел ещё не переведен на русский язык</p> <p>Вы поможете сообществу, если переведете этот раздел на английский</p>", "text_en": "<h2>Emercoin GUI wallet</h2>\r\n\r\n<p><img alt=\"emercoin-qt GUI\" src=\"/media/Wallet-GUI.png\" style=\"width:512px\" /></p>\r\n\r\n<p>&nbsp;</p>\r\n\r\n<p>The latest GUI for Linux, OSX, and Windows, can be downloaded from&nbsp;<a href=\"https://sourceforge.net/projects/emercoin/files\" rel=\"nofollow\" target=\"_blank\">Emercoin&#39;s offical page on Sourceforge</a>.</p>"}}, {"model": "emerdocs.docpage", "pk": 6, "fields": {"url": "cli-daemon", "text": "<p>Этот раздел ещё не переведен на русский язык</p> <p>Вы поможете сообществу, если переведете этот раздел на английский</p>", "text_en": "<h2>Emercoin Command Line Daemon (headless)</h2>\r\n\r\n<p><img alt=\"Emercoin on the command line\" src=\"/media/Wallet-headless.png\" style=\"width:512px\" /></p>\r\n\r\n<p>&nbsp;</p>\r\n\r\n<p>The latest emercoin daemon can be installed as a system service via repositories for the most popular flavors of Linux:</p>\r\n\r\n<h3>For Ubuntu 16.04 LTS (x64)</h3>\r\n\r\n<pre>\r\n<code>$ apt-key adv --keyserver keyserver.ubuntu.com --recv B58C58F4\r\n$ add-apt-repository &#39;deb http://download.emercoin.com/ubuntu xenial emercoin&#39;\r\n$ apt update &amp;&amp; apt -y install emercoin</code></pre>\r\n\r\n<h3>For Debian 8 (x64)</h3>\r\n\r\n<pre>\r\n<code>$ apt -y install software-properties-common\r\n$ apt-key adv --keyserver keyserver.ubuntu.com --recv B58C58F4\r\n$ add-apt-repository &#39;deb http://download.emercoin.com/debian jessie emercoin&#39;\r\n$ apt update &amp;&amp; apt -y install emercoin</code></pre>\r\n\r\n<p>After installation, the emercoin daemon can be invoked by typing<code>emc</code>, or controlled as a system service. e.g:</p>\r\n\r\n<pre>\r\n<code>$&nbsp;emc&nbsp;getinfo</code></pre>\r\n\r\n<p>For command help:</p>\r\n\r\n<pre>\r\n<code>$&nbsp;emc&nbsp;help</code></pre>\r\n\r\n<p>For runtime options, type:</p>\r\n\r\n<pre>\r\n<code>$&nbsp;emc&nbsp;-help</code></pre>\r\n\r\n<p>To stop the daemon in Ubuntu:</p>\r\n\r\n<pre>\r\n<code>service&nbsp;emercoind&nbsp;stop</code></pre>\r\n\r\n<p>To start the daemon in Ubuntu:</p>\r\n\r\n<pre>\r\n<code>service&nbsp;emercoind&nbsp;start</code></pre>\r\n\r\n<p>To restart the daemon in Ubuntu:</p>\r\n\r\n<pre>\r\n<code>service&nbsp;emercoind&nbsp;restart</code></pre>"}}, {"model": "emerdocs.docpage", "pk": 7, "fields": {"url": "other-wallets", "text": "<p>Этот раздел ещё не переведен на русский язык</p>\r\n\r\n<p>Вы поможете сообществу, если переведете этот раздел на английский</p>\r\n\r\n<p>&nbsp;</p>\r\n\r\n<p><a class=\"button button-telegram\" href=\"https://t.me/emernews\" onclick=\"dataLayer.push({'event': 'telegram_community'});\" rel=\"nofollow\" target=\"_blank\">Telegram</a></p>", "text_en": "<h1>Other wallets</h1>\r\n\r\n<p>Links to 3rd party&nbsp;<strong>web wallets</strong>,&nbsp;<strong>mobile wallets</strong>, and&nbsp;<strong>paper wallets</strong>&nbsp;can be found on the&nbsp;<a href=\"https://emercoin.com/en/documentation/links-resources\">Emercoin Resources</a>&nbsp;page. Keep in mind that 3rd party wallets may not leave you in control of your private keys.</p>"}}]